ds,y_hat,y_lower,y_upper,y
2015.07.16,1.09455,1.09618,1.08548,1.08738
2015.07.17,1.08738,1.09063,1.08275,1.08285
2015.07.20,1.08275,1.08694,1.08078,1.08241
2015.07.21,1.08242,1.09680,1.08108,1.09339
2015.07.22,1.09333,1.09660,1.08689,1.09278
2015.07.23,1.09279,1.10172,1.09210,1.09846
2015.07.24,1.09845,1.09951,1.09246,1.09758
2015.07.27,1.09806,1.11280,1.09682,1.10871
2015.07.28,1.10878,1.10990,1.10214,1.10592
2015.07.29,1.10593,1.10832,1.09663,1.09826
2015.07.30,1.09830,1.09886,1.08924,1.09312
2015.07.31,1.09313,1.11131,1.09204,1.09828
2015.08.03,1.09704,1.09952,1.09405,1.09494
2015.08.04,1.09489,1.09868,1.08783,1.08802
2015.08.05,1.08801,1.09293,1.08474,1.09049
2015.08.06,1.09049,1.09433,1.08729,1.09243
2015.08.07,1.09240,1.09775,1.08545,1.09624
2015.08.10,1.09627,1.10407,1.09246,1.10177
2015.08.11,1.10185,1.10875,1.09598,1.10409
2015.08.12,1.10410,1.12132,1.10236,1.11565
2015.08.13,1.11566,1.11882,1.10792,1.11490
2015.08.14,1.11485,1.11880,1.10971,1.11104
2015.08.17,1.11156,1.11241,1.10579,1.10767
2015.08.18,1.10767,1.10931,1.10163,1.10230
2015.08.19,1.10230,1.11336,1.10168,1.11187
2015.08.20,1.11187,1.12438,1.11062,1.12411
2015.08.21,1.12407,1.13878,1.12285,1.13846
2015.08.24,1.13739,1.17130,1.13687,1.16177
2015.08.25,1.16174,1.16211,1.13954,1.15157
2015.08.26,1.15159,1.15607,1.12907,1.13126
2015.08.27,1.13133,1.13637,1.12022,1.12446
2015.08.28,1.12441,1.13090,1.11552,1.11800
2015.08.31,1.11708,1.12618,1.11688,1.12100
2015.09.01,1.12096,1.13314,1.12075,1.13140
2015.09.02,1.13140,1.13188,1.12157,1.12264
2015.09.03,1.12265,1.12427,1.10864,1.11217
2015.09.04,1.11218,1.11875,1.10906,1.11498
2015.09.07,1.11637,1.11769,1.11207,1.11686
2015.09.08,1.11690,1.12287,1.11517,1.12016
2015.09.09,1.12017,1.12155,1.11309,1.12060
2015.09.10,1.12063,1.12946,1.11709,1.12787
2015.09.11,1.12788,1.13487,1.12534,1.13333
2015.09.14,1.13300,1.13724,1.12827,1.13156
2015.09.15,1.13157,1.13281,1.12576,1.12686
2015.09.16,1.12688,1.13198,1.12133,1.12886
2015.09.17,1.12885,1.14405,1.12838,1.14332
2015.09.18,1.14334,1.14596,1.12687,1.12982
2015.09.21,1.12798,1.13296,1.11805,1.11884
2015.09.22,1.11882,1.12068,1.11125,1.11189
2015.09.23,1.11189,1.12127,1.11044,1.11847
2015.09.24,1.11860,1.12952,1.11638,1.12289
2015.09.25,1.12289,1.12333,1.11154,1.11960
2015.09.28,1.11841,1.12469,1.11458,1.12435
2015.09.29,1.12433,1.12807,1.11931,1.12483
2015.09.30,1.12483,1.12606,1.11564,1.11753
2015.10.01,1.11754,1.12083,1.11342,1.11935
2015.10.02,1.11936,1.13176,1.11496,1.12089
2015.10.05,1.12163,1.12885,1.11727,1.11870
2015.10.06,1.11872,1.12788,1.11711,1.12710
2015.10.07,1.12719,1.12834,1.12107,1.12370
2015.10.08,1.12365,1.13265,1.12338,1.12752
2015.10.09,1.12752,1.13864,1.12663,1.13584
2015.10.12,1.13604,1.13961,1.13533,1.13571
2015.10.13,1.13572,1.14103,1.13435,1.13781
2015.10.14,1.13781,1.14883,1.13766,1.14728
2015.10.15,1.14725,1.14944,1.13623,1.13822
2015.10.16,1.13799,1.13946,1.13335,1.13492
2015.10.19,1.13563,1.13782,1.13050,1.13250
2015.10.20,1.13258,1.13863,1.13232,1.13451
2015.10.21,1.13446,1.13767,1.13334,1.13379
2015.10.22,1.13379,1.13504,1.10995,1.11076
2015.10.23,1.11077,1.11390,1.09959,1.10163
2015.10.25,1.09980,1.10078,1.09980,1.10068
2015.10.26,1.10066,1.10676,1.10032,1.10524
2015.10.27,1.10521,1.10780,1.10295,1.10456
2015.10.28,1.10458,1.10951,1.08961,1.09262
2015.10.29,1.09266,1.09859,1.09019,1.09854
2015.10.30,1.09854,1.10718,1.09648,1.10028
2015.11.02,1.10338,1.10518,1.09995,1.10150
2015.11.03,1.10150,1.10294,1.09354,1.09620
2015.11.04,1.09624,1.09671,1.08434,1.08644
2015.11.05,1.08647,1.08966,1.08330,1.08830
2015.11.06,1.08827,1.08930,1.07054,1.07426
2015.11.09,1.07274,1.07893,1.07189,1.07505
2015.11.10,1.07505,1.07633,1.06735,1.07233
2015.11.11,1.07234,1.07729,1.07049,1.07424
2015.11.12,1.07424,1.08292,1.06904,1.08127
2015.11.13,1.08128,1.08161,1.07133,1.07689
2015.11.16,1.07381,1.07573,1.06738,1.06855
2015.11.17,1.06855,1.06899,1.06299,1.06408
2015.11.18,1.06409,1.06918,1.06162,1.06586
2015.11.19,1.06586,1.07623,1.06546,1.07329
2015.11.20,1.07328,1.07375,1.06391,1.06460
2015.11.23,1.06363,1.06560,1.05919,1.06353
2015.11.24,1.06351,1.06725,1.06188,1.06420
2015.11.25,1.06421,1.06884,1.05651,1.06237
2015.11.26,1.06238,1.06267,1.05992,1.06096
2015.11.27,1.06086,1.06373,1.05678,1.05915
2015.11.30,1.05879,1.05944,1.05572,1.05638
2015.12.01,1.05640,1.06364,1.05621,1.06313
2015.12.02,1.06314,1.06357,1.05500,1.06138
2015.12.03,1.06136,1.09804,1.05209,1.09388
2015.12.04,1.09387,1.09554,1.08353,1.08761
2015.12.07,1.08706,1.08868,1.07952,1.08363
2015.12.08,1.08364,1.09018,1.08293,1.08906
2015.12.09,1.08911,1.10423,1.08785,1.10243
2015.12.10,1.10244,1.10244,1.09243,1.09396
2015.12.11,1.09397,1.10304,1.09257,1.09919
2015.12.14,1.09828,1.10479,1.09448,1.09904
2015.12.15,1.09904,1.10589,1.09039,1.09274
2015.12.16,1.09290,1.10112,1.08872,1.09104
2015.12.17,1.09104,1.09132,1.08018,1.08248
2015.12.18,1.08249,1.08738,1.08041,1.08665
2015.12.21,1.08514,1.09382,1.08457,1.09140
2015.12.22,1.09138,1.09833,1.09016,1.09556
2015.12.23,1.09557,1.09564,1.08690,1.09090
2015.12.24,1.09087,1.09671,1.09027,1.09494
2015.12.28,1.09502,1.09917,1.09480,1.09660
2015.12.29,1.09661,1.09909,1.08983,1.09186
2015.12.30,1.09186,1.09430,1.09010,1.09309
2015.12.31,1.09310,1.09363,1.08521,1.08601
2016.01.04,1.08712,1.09457,1.07803,1.08301
2016.01.05,1.08295,1.08380,1.07099,1.07475
2016.01.06,1.07471,1.07989,1.07132,1.07800
2016.01.07,1.07801,1.09394,1.07703,1.09311
2016.01.08,1.09316,1.09329,1.08024,1.09249
2016.01.11,1.09173,1.09685,1.08472,1.08581
2016.01.12,1.08581,1.08995,1.08189,1.08570
2016.01.13,1.08571,1.08869,1.08041,1.08759
2016.01.14,1.08760,1.09423,1.08338,1.08643
2016.01.15,1.08642,1.09839,1.08538,1.09123
2016.01.18,1.09208,1.09270,1.08681,1.08908
2016.01.19,1.08908,1.09381,1.08586,1.09061
2016.01.20,1.09061,1.09752,1.08764,1.08874
2016.01.21,1.08880,1.09204,1.07770,1.08721
2016.01.22,1.08721,1.08758,1.07884,1.07957
2016.01.25,1.07904,1.08561,1.07884,1.08488
2016.01.26,1.08487,1.08736,1.08180,1.08665
2016.01.27,1.08698,1.09157,1.08498,1.08923
2016.01.28,1.08922,1.09668,1.08689,1.09391
2016.01.29,1.09390,1.09479,1.08092,1.08299
2016.02.01,1.08306,1.09120,1.08138,1.08871
2016.02.02,1.08863,1.09392,1.08842,1.09176
2016.02.03,1.09176,1.11448,1.09029,1.11043
2016.02.04,1.11044,1.12380,1.10688,1.12071
2016.02.05,1.12073,1.12464,1.11080,1.11571
2016.02.08,1.11413,1.12151,1.10858,1.11918
2016.02.09,1.11917,1.13375,1.11616,1.12918
2016.02.10,1.12922,1.13107,1.11596,1.12908
2016.02.11,1.12913,1.13757,1.12731,1.13234
2016.02.12,1.13234,1.13330,1.12133,1.12530
2016.02.15,1.12331,1.12492,1.11272,1.11531
2016.02.16,1.11533,1.11923,1.11235,1.11430
2016.02.17,1.11426,1.11783,1.11051,1.11271
2016.02.18,1.11272,1.11488,1.10702,1.11066
2016.02.19,1.11054,1.11385,1.10659,1.11287
2016.02.22,1.11104,1.11240,1.10023,1.10293
2016.02.23,1.10294,1.10520,1.09893,1.10186
2016.02.24,1.10186,1.10458,1.09562,1.10127
2016.02.25,1.10127,1.10493,1.09860,1.10166
2016.02.26,1.10165,1.10674,1.09109,1.09267
2016.02.29,1.09123,1.09620,1.08585,1.08718
2016.03.01,1.08720,1.08927,1.08334,1.08662
2016.03.02,1.08665,1.08803,1.08248,1.08673
2016.03.03,1.08671,1.09720,1.08528,1.09554
2016.03.04,1.09548,1.10427,1.09024,1.10102
2016.03.07,1.09861,1.10250,1.09392,1.10134
2016.03.08,1.10126,1.10571,1.09928,1.10100
2016.03.09,1.10101,1.10341,1.09453,1.09976
2016.03.10,1.09978,1.12172,1.08213,1.11766
2016.03.11,1.11766,1.12089,1.10796,1.11473
2016.03.13,1.11353,1.11441,1.11342,1.11431
2016.03.14,1.11440,1.11754,1.10768,1.11004
2016.03.15,1.11007,1.11244,1.10709,1.11050
2016.03.16,1.11047,1.12415,1.10571,1.12114
2016.03.17,1.12115,1.13416,1.12045,1.13145
2016.03.18,1.13135,1.13361,1.12553,1.12709
2016.03.20,1.12588,1.12711,1.12588,1.12665
2016.03.21,1.12665,1.12840,1.12337,1.12382
2016.03.22,1.12383,1.12592,1.11875,1.12145
2016.03.23,1.12151,1.12227,1.11586,1.11790
2016.03.24,1.11797,1.11868,1.11435,1.11783
2016.03.25,1.11783,1.11786,1.11528,1.11656
2016.03.28,1.11598,1.12193,1.11521,1.11955
2016.03.29,1.11955,1.13027,1.11682,1.12893
2016.03.30,1.12869,1.13646,1.12824,1.13361
2016.03.31,1.13357,1.14111,1.13094,1.13790
2016.04.01,1.13777,1.14372,1.13341,1.13916
2016.04.04,1.13997,1.14118,1.13566,1.13877
2016.04.05,1.13846,1.14044,1.13350,1.13825
2016.04.06,1.13817,1.14309,1.13259,1.13960
2016.04.07,1.13963,1.14533,1.13367,1.13767
2016.04.08,1.13767,1.14186,1.13482,1.13941
2016.04.11,1.14161,1.14466,1.13713,1.14051
2016.04.12,1.14026,1.14639,1.13450,1.13834
2016.04.13,1.13826,1.13903,1.12671,1.12722
2016.04.14,1.12718,1.12940,1.12331,1.12644
2016.04.15,1.12647,1.13162,1.12448,1.12824
2016.04.18,1.13006,1.13313,1.12729,1.13108
2016.04.19,1.13095,1.13839,1.13027,1.13562
2016.04.20,1.13561,1.13872,1.12896,1.12940
2016.04.21,1.12935,1.13956,1.12684,1.12860
2016.04.22,1.12855,1.13078,1.12174,1.12217
2016.04.25,1.12151,1.12775,1.12144,1.12662
2016.04.26,1.12618,1.13388,1.12555,1.12947
2016.04.27,1.12945,1.13600,1.12707,1.13190
2016.04.28,1.13197,1.13671,1.12954,1.13508
2016.04.29,1.13474,1.14585,1.13458,1.14490
2016.05.02,1.14597,1.15352,1.14475,1.15304
2016.05.03,1.15312,1.16155,1.14945,1.14955
2016.05.04,1.14954,1.15287,1.14657,1.14855
2016.05.05,1.14856,1.14930,1.13852,1.14043
2016.05.06,1.14041,1.14790,1.13858,1.14014
2016.05.09,1.13952,1.14191,1.13743,1.13814
2016.05.10,1.13827,1.14091,1.13579,1.13713
2016.05.11,1.13713,1.14458,1.13682,1.14253
2016.05.12,1.14250,1.14284,1.13698,1.13761
2016.05.13,1.13754,1.13788,1.12822,1.13080
2016.05.16,1.13107,1.13415,1.13015,1.13185
2016.05.17,1.13193,1.13478,1.13008,1.13129
2016.05.18,1.13131,1.13153,1.12135,1.12152
2016.05.19,1.12151,1.12292,1.11792,1.12020
2016.05.20,1.12019,1.12365,1.11956,1.12230
2016.05.23,1.12079,1.12420,1.11868,1.12194
2016.05.24,1.12191,1.12262,1.11316,1.11397
2016.05.25,1.11398,1.11661,1.11281,1.11541
2016.05.26,1.11542,1.12159,1.11488,1.11928
2016.05.27,1.11929,1.11999,1.11100,1.11116
2016.05.30,1.11126,1.11439,1.10972,1.11374
2016.05.31,1.11375,1.11727,1.11214,1.11308
2016.06.01,1.11306,1.11932,1.11134,1.11877
2016.06.02,1.11878,1.12193,1.11446,1.11499
2016.06.03,1.11496,1.13728,1.11359,1.13665
2016.06.06,1.13552,1.13920,1.13249,1.13527
2016.06.07,1.13532,1.13798,1.13379,1.13575
2016.06.08,1.13569,1.14099,1.13538,1.13934
2016.06.09,1.13911,1.14147,1.13048,1.13158
2016.06.10,1.13156,1.13206,1.12446,1.12499
2016.06.13,1.12487,1.13024,1.12313,1.12892
2016.06.14,1.12898,1.12976,1.11881,1.12061
2016.06.15,1.12052,1.12982,1.11890,1.12598
2016.06.16,1.12591,1.12940,1.11302,1.12235
2016.06.17,1.12241,1.12955,1.12221,1.12751
2016.06.20,1.13309,1.13817,1.13013,1.13130
2016.06.21,1.13131,1.13488,1.12404,1.12414
2016.06.22,1.12414,1.13369,1.12358,1.12940
2016.06.23,1.12942,1.14205,1.12941,1.13841
2016.06.24,1.13841,1.14273,1.09095,1.11139
2016.06.27,1.10112,1.10828,1.09699,1.10218
2016.06.28,1.10221,1.11108,1.10091,1.10627
2016.06.29,1.10627,1.11295,1.10484,1.11217
2016.06.30,1.11228,1.11537,1.10235,1.11064
2016.07.01,1.11054,1.11686,1.10713,1.11378
2016.07.04,1.11281,1.11587,1.10971,1.11521
2016.07.05,1.11526,1.11852,1.10615,1.10747
2016.07.06,1.10749,1.11108,1.10280,1.10999
2016.07.07,1.10993,1.11063,1.10518,1.10604
2016.07.08,1.10618,1.11199,1.10013,1.10503
2016.07.11,1.10491,1.10737,1.10149,1.10568
2016.07.12,1.10566,1.11255,1.10513,1.10595
2016.07.13,1.10592,1.11190,1.10414,1.10884
2016.07.14,1.10876,1.11640,1.10865,1.11177
2016.07.15,1.11180,1.11481,1.10239,1.10338
2016.07.18,1.10482,1.10834,1.10367,1.10746
2016.07.19,1.10743,1.10796,1.09990,1.10205
2016.07.20,1.10204,1.10293,1.09806,1.10125
2016.07.21,1.10125,1.10600,1.09788,1.10253
2016.07.22,1.10253,1.10402,1.09547,1.09764
2016.07.25,1.09701,1.09983,1.09513,1.09939
2016.07.26,1.09940,1.10290,1.09776,1.09850
2016.07.27,1.09833,1.10645,1.09608,1.10568
2016.07.28,1.10570,1.11187,1.10515,1.10764
2016.07.29,1.10763,1.11968,1.10720,1.11748
2016.08.01,1.11741,1.11824,1.11545,1.11602
2016.08.02,1.11601,1.12329,1.11577,1.12227
2016.08.03,1.12227,1.12264,1.11399,1.11484
2016.08.04,1.11484,1.11555,1.11131,1.11280
2016.08.05,1.11280,1.11605,1.10450,1.10874
2016.08.08,1.10799,1.11043,1.10713,1.10875
2016.08.09,1.10874,1.11218,1.10698,1.11161
2016.08.10,1.11159,1.11894,1.11117,1.11746
2016.08.11,1.11756,1.11907,1.11345,1.11364
2016.08.12,1.11365,1.12205,1.11304,1.11628
2016.08.15,1.11664,1.12028,1.11527,1.11821
2016.08.16,1.11823,1.13217,1.11766,1.12776
2016.08.17,1.12774,1.13153,1.12398,1.12882
2016.08.18,1.12882,1.13655,1.12836,1.13532
2016.08.19,1.13531,1.13590,1.13035,1.13237
2016.08.22,1.13083,1.13299,1.12703,1.13191
2016.08.23,1.13188,1.13543,1.13024,1.13036
2016.08.24,1.13039,1.13106,1.12445,1.12624
2016.08.25,1.12629,1.12966,1.12585,1.12821
2016.08.26,1.12818,1.13401,1.11801,1.11928
2016.08.29,1.11769,1.12070,1.11572,1.11878
2016.08.30,1.11878,1.11915,1.11313,1.11412
2016.08.31,1.11412,1.11647,1.11223,1.11566
2016.09.01,1.11567,1.12044,1.11268,1.11958
2016.09.02,1.11958,1.12514,1.11497,1.11537
2016.09.05,1.11566,1.11816,1.11388,1.11461
2016.09.06,1.11461,1.12623,1.11397,1.12545
2016.09.07,1.12544,1.12710,1.12281,1.12384
2016.09.08,1.12383,1.13263,1.12339,1.12593
2016.09.09,1.12592,1.12842,1.11977,1.12309
2016.09.12,1.12355,1.12675,1.12097,1.12338
2016.09.13,1.12338,1.12594,1.12032,1.12189
2016.09.14,1.12201,1.12733,1.12096,1.12479
2016.09.15,1.12483,1.12830,1.12183,1.12404
2016.09.16,1.12428,1.12491,1.11487,1.11556
2016.09.19,1.11520,1.11972,1.11500,1.11728
2016.09.20,1.11729,1.12127,1.11492,1.11499
2016.09.21,1.11495,1.11958,1.11224,1.11880
2016.09.22,1.11882,1.12565,1.11842,1.12066
2016.09.23,1.12068,1.12398,1.11931,1.12252
2016.09.26,1.12291,1.12782,1.12203,1.12529
2016.09.27,1.12526,1.12580,1.11902,1.12137
2016.09.28,1.12124,1.12360,1.11812,1.12162
2016.09.29,1.12162,1.12490,1.11960,1.12205
2016.09.30,1.12211,1.12499,1.11526,1.12405
2016.10.03,1.12275,1.12435,1.12045,1.12105
2016.10.04,1.12103,1.12381,1.11372,1.12038
2016.10.05,1.12038,1.12326,1.11889,1.12031
2016.10.06,1.12037,1.12117,1.11391,1.11462
2016.10.07,1.11473,1.12040,1.11037,1.12011
2016.10.10,1.11786,1.12026,1.11306,1.11369
2016.10.11,1.11368,1.11416,1.10481,1.10530
2016.10.12,1.10529,1.10669,1.10037,1.10064
2016.10.13,1.10063,1.10568,1.09848,1.10547
2016.10.14,1.10544,1.10576,1.09699,1.09702
2016.10.17,1.09681,1.10071,1.09631,1.09983
2016.10.18,1.09983,1.10256,1.09693,1.09796
2016.10.19,1.09796,1.10037,1.09543,1.09727
2016.10.20,1.09726,1.10384,1.09150,1.09284
2016.10.21,1.09285,1.09289,1.08585,1.08826
2016.10.24,1.08804,1.08989,1.08588,1.08799
2016.10.25,1.08806,1.09041,1.08502,1.08875
2016.10.26,1.08875,1.09460,1.08737,1.09070
2016.10.27,1.09067,1.09414,1.08817,1.08933
2016.10.28,1.08927,1.09910,1.08923,1.09858
2016.10.30,1.09908,1.09909,1.09777,1.09838
2016.10.31,1.09839,1.09898,1.09352,1.09760
2016.11.01,1.09758,1.10681,1.09593,1.10563
2016.11.02,1.10565,1.11223,1.10489,1.10946
2016.11.03,1.10955,1.11251,1.10590,1.11057
2016.11.04,1.11057,1.11391,1.10792,1.11386
2016.11.07,1.10593,1.11093,1.10266,1.10394
2016.11.08,1.10393,1.10663,1.10081,1.10234
2016.11.09,1.10248,1.12987,1.09064,1.09082
2016.11.10,1.09083,1.09528,1.08641,1.08904
2016.11.11,1.08891,1.09227,1.08296,1.08555
2016.11.14,1.08316,1.08405,1.07084,1.07363
2016.11.15,1.07360,1.08158,1.07133,1.07215
2016.11.16,1.07217,1.07587,1.06655,1.06894
2016.11.17,1.06897,1.07448,1.06192,1.06249
2016.11.18,1.06250,1.06420,1.05684,1.05869
2016.11.21,1.05926,1.06484,1.05780,1.06264
2016.11.22,1.06264,1.06571,1.05829,1.06247
2016.11.23,1.06255,1.06428,1.05253,1.05513
2016.11.24,1.05513,1.05845,1.05173,1.05511
2016.11.25,1.05520,1.06266,1.05377,1.05889
2016.11.28,1.06097,1.06849,1.05628,1.06132
2016.11.29,1.06132,1.06536,1.05641,1.06485
2016.11.30,1.06483,1.06658,1.05519,1.05872
2016.12.01,1.05877,1.06679,1.05838,1.06608
2016.12.02,1.06608,1.06890,1.06245,1.06607
2016.12.05,1.06611,1.07957,1.05051,1.07632
2016.12.06,1.07631,1.07845,1.06978,1.07177
2016.12.07,1.07166,1.07676,1.07091,1.07514
2016.12.08,1.07522,1.08724,1.05967,1.06142
2016.12.09,1.06142,1.06289,1.05302,1.05599
2016.12.12,1.05317,1.06509,1.05245,1.06336
2016.12.13,1.06330,1.06664,1.06031,1.06239
2016.12.14,1.06233,1.06692,1.04953,1.05347
2016.12.15,1.05348,1.05385,1.03656,1.04128
2016.12.16,1.04126,1.04733,1.04000,1.04492
2016.12.19,1.04372,1.04787,1.03918,1.04013
2016.12.20,1.04013,1.04172,1.03515,1.03871
2016.12.21,1.03870,1.04505,1.03817,1.04233
2016.12.22,1.04232,1.04986,1.04226,1.04355
2016.12.23,1.04347,1.04679,1.04257,1.04553
2016.12.26,1.04644,1.04650,1.04392,1.04538
2016.12.27,1.04546,1.04626,1.04316,1.04555
2016.12.28,1.04555,1.04790,1.03714,1.04126
2016.12.29,1.04127,1.04930,1.04078,1.04879
2016.12.30,1.04846,1.06517,1.04821,1.05283
2017.01.02,1.05143,1.05234,1.04494,1.04530
2017.01.03,1.04530,1.04893,1.03395,1.04044
2017.01.04,1.04044,1.04991,1.03891,1.04870
2017.01.05,1.04869,1.06145,1.04799,1.06006
2017.01.06,1.06026,1.06197,1.05242,1.05309
2017.01.09,1.05296,1.05822,1.05102,1.05734
2017.01.10,1.05736,1.06263,1.05501,1.05528
2017.01.11,1.05541,1.06222,1.04531,1.05816
2017.01.12,1.05818,1.06839,1.05706,1.06115
2017.01.13,1.06118,1.06727,1.05954,1.06400
2017.01.16,1.06036,1.06350,1.05785,1.05991
2017.01.17,1.05997,1.07186,1.05958,1.07124
2017.01.18,1.07110,1.07147,1.06275,1.06288
2017.01.19,1.06285,1.06758,1.05885,1.06631
2017.01.20,1.06630,1.07088,1.06243,1.06991
2017.01.23,1.07005,1.07683,1.06935,1.07642
2017.01.24,1.07643,1.07741,1.07195,1.07303
2017.01.25,1.07296,1.07689,1.07105,1.07472
2017.01.26,1.07473,1.07649,1.06568,1.06808
2017.01.27,1.06794,1.07242,1.06576,1.06958
2017.01.30,1.07200,1.07394,1.06195,1.06916
2017.01.31,1.06948,1.08114,1.06839,1.07964
2017.02.01,1.07964,1.08065,1.07290,1.07674
2017.02.02,1.07683,1.08281,1.07552,1.07573
2017.02.03,1.07572,1.07968,1.07116,1.07853
2017.02.06,1.07889,1.07905,1.07049,1.07486
2017.02.07,1.07495,1.07496,1.06553,1.06816
2017.02.08,1.06824,1.07131,1.06398,1.06973
2017.02.09,1.06971,1.07088,1.06501,1.06538
2017.02.10,1.06543,1.06669,1.06070,1.06392
2017.02.13,1.06275,1.06576,1.05912,1.05965
2017.02.14,1.05948,1.06326,1.05600,1.05761
2017.02.15,1.05761,1.06084,1.05206,1.05985
2017.02.16,1.05983,1.06786,1.05902,1.06727
2017.02.17,1.06725,1.06760,1.06047,1.06093
2017.02.20,1.06074,1.06320,1.06024,1.06128
2017.02.21,1.06128,1.06145,1.05252,1.05358
2017.02.22,1.05358,1.05731,1.04929,1.05576
2017.02.23,1.05576,1.05945,1.05368,1.05802
2017.02.24,1.05808,1.06171,1.05559,1.05608
2017.02.27,1.05627,1.06300,1.05508,1.05863
2017.02.28,1.05856,1.06294,1.05686,1.05755
2017.03.01,1.05748,1.05885,1.05134,1.05458
2017.03.02,1.05456,1.05507,1.04941,1.05058
2017.03.03,1.05058,1.06232,1.05011,1.06214
2017.03.06,1.06088,1.06394,1.05740,1.05812
2017.03.07,1.05812,1.06018,1.05575,1.05649
2017.03.08,1.05645,1.05732,1.05341,1.05398
2017.03.09,1.05393,1.06143,1.05243,1.05753
2017.03.10,1.05753,1.06983,1.05716,1.06738
2017.03.12,1.06773,1.06875,1.06766,1.06843
2017.03.13,1.06845,1.07135,1.06514,1.06530
2017.03.14,1.06528,1.06617,1.05992,1.06072
2017.03.15,1.06073,1.07392,1.06037,1.07355
2017.03.16,1.07353,1.07735,1.07050,1.07712
2017.03.17,1.07712,1.07815,1.07268,1.07387
2017.03.19,1.07327,1.07399,1.07327,1.07385
2017.03.20,1.07385,1.07765,1.07244,1.07360
2017.03.21,1.07361,1.08184,1.07185,1.08060
2017.03.22,1.08061,1.08239,1.07752,1.07915
2017.03.23,1.07918,1.08041,1.07672,1.07820
2017.03.24,1.07820,1.08173,1.07596,1.07971
2017.03.27,1.08381,1.09053,1.08265,1.08630
2017.03.28,1.08631,1.08719,1.07981,1.08120
2017.03.29,1.08119,1.08258,1.07392,1.07647
2017.03.30,1.07646,1.07690,1.06712,1.06733
2017.03.31,1.06733,1.07011,1.06507,1.06570
2017.04.03,1.06593,1.06803,1.06417,1.06678
2017.04.04,1.06677,1.06763,1.06350,1.06719
2017.04.05,1.06720,1.06884,1.06343,1.06615
2017.04.06,1.06615,1.06833,1.06282,1.06430
2017.04.07,1.06432,1.06656,1.05799,1.05894
2017.04.10,1.05874,1.06059,1.05691,1.05947
2017.04.11,1.05950,1.06293,1.05778,1.06032
2017.04.12,1.06032,1.06744,1.05881,1.06630
2017.04.13,1.06630,1.06768,1.06083,1.06123
2017.04.14,1.06123,1.06291,1.06050,1.06099
2017.04.17,1.06163,1.06698,1.06020,1.06419
2017.04.18,1.06418,1.07352,1.06365,1.07296
2017.04.19,1.07296,1.07361,1.06991,1.07104
2017.04.20,1.07105,1.07768,1.07081,1.07158
2017.04.21,1.07156,1.07372,1.06816,1.07235
2017.04.24,1.09190,1.09191,1.08200,1.08664
2017.04.25,1.08662,1.09493,1.08507,1.09238
2017.04.26,1.09240,1.09500,1.08550,1.09024
2017.04.27,1.09029,1.09320,1.08509,1.08715
2017.04.28,1.08715,1.09467,1.08563,1.08976
2017.05.01,1.09095,1.09230,1.08834,1.08974
2017.05.02,1.08973,1.09324,1.08874,1.09280
2017.05.03,1.09283,1.09361,1.08821,1.08848
2017.05.04,1.08851,1.09864,1.08741,1.09833
2017.05.05,1.09829,1.09986,1.09471,1.09980
2017.05.08,1.10192,1.10213,1.09157,1.09227
2017.05.09,1.09228,1.09328,1.08627,1.08717
2017.05.10,1.08718,1.08973,1.08526,1.08660
2017.05.11,1.08666,1.08923,1.08386,1.08600
2017.05.12,1.08599,1.09336,1.08550,1.09315
2017.05.15,1.09299,1.09887,1.09219,1.09741
2017.05.16,1.09741,1.10964,1.09735,1.10818
2017.05.17,1.10817,1.11614,1.10801,1.11579
2017.05.18,1.11581,1.11711,1.10750,1.11023
2017.05.19,1.11022,1.12110,1.10960,1.12068
2017.05.22,1.11949,1.12628,1.11607,1.12363
2017.05.23,1.12363,1.12673,1.11743,1.11817
2017.05.24,1.11819,1.12192,1.11678,1.12176
2017.05.25,1.12176,1.12496,1.11930,1.12092
2017.05.26,1.12091,1.12338,1.11598,1.11782
2017.05.29,1.11694,1.11891,1.11611,1.11638
2017.05.30,1.11636,1.12047,1.11089,1.11852
2017.05.31,1.11853,1.12513,1.11639,1.12425
2017.06.01,1.12424,1.12560,1.12014,1.12115
2017.06.02,1.12113,1.12844,1.12043,1.12798
2017.06.05,1.12720,1.12830,1.12336,1.12533
2017.06.06,1.12534,1.12831,1.12397,1.12756
2017.06.07,1.12756,1.12815,1.12033,1.12550
2017.06.08,1.12556,1.12684,1.11939,1.12135
2017.06.09,1.12134,1.12363,1.11656,1.11953
2017.06.12,1.12066,1.12313,1.11912,1.12015
2017.06.13,1.12015,1.12240,1.11845,1.12099
2017.06.14,1.12099,1.12951,1.11923,1.12157
2017.06.15,1.12159,1.12278,1.11315,1.11428
2017.06.16,1.11426,1.12007,1.11377,1.11949
2017.06.19,1.12041,1.12119,1.11423,1.11478
2017.06.20,1.11477,1.11642,1.11182,1.11331
2017.06.21,1.11332,1.11683,1.11265,1.11670
2017.06.22,1.11667,1.11771,1.11386,1.11518
2017.06.23,1.11515,1.12081,1.11444,1.11923
2017.06.26,1.11961,1.12190,1.11711,1.11800
2017.06.27,1.11801,1.13486,1.11783,1.13368
2017.06.28,1.13359,1.13898,1.12907,1.13762
2017.06.29,1.13762,1.14446,1.13736,1.14393
2017.06.30,1.14400,1.14444,1.13914,1.14203
2017.07.03,1.14181,1.14259,1.13543,1.13630
2017.07.04,1.13629,1.13762,1.13354,1.13420
2017.07.05,1.13416,1.13677,1.13117,1.13501
2017.07.06,1.13507,1.14241,1.13291,1.14218
2017.07.07,1.14223,1.14392,1.13790,1.14000
2017.07.10,1.13973,1.14173,1.13809,1.13986
2017.07.11,1.13984,1.14789,1.13820,1.14658
2017.07.12,1.14657,1.14887,1.13908,1.14108
2017.07.13,1.14108,1.14551,1.13698,1.13968
2017.07.14,1.13968,1.14712,1.13907,1.14665
2017.07.17,1.14713,1.14864,1.14340,1.14769
2017.07.18,1.14770,1.15824,1.14707,1.15529
2017.07.19,1.15530,1.15562,1.15092,1.15143
2017.07.20,1.15143,1.16574,1.14785,1.16298
2017.07.21,1.16298,1.16820,1.16182,1.16625
2017.07.24,1.16620,1.16835,1.16251,1.16396
2017.07.25,1.16396,1.17115,1.16301,1.16453
2017.07.26,1.16456,1.17390,1.16117,1.17317
2017.07.27,1.17316,1.17759,1.16493,1.16748
2017.07.28,1.16749,1.17634,1.16705,1.17488
2017.07.31,1.17451,1.18447,1.17223,1.18401
2017.08.01,1.18403,1.18434,1.17843,1.18005
2017.08.02,1.18006,1.19093,1.17930,1.18545
2017.08.03,1.18546,1.18923,1.18298,1.18683
2017.08.04,1.18686,1.18885,1.17274,1.17724
2017.08.07,1.17717,1.18133,1.17691,1.17942
2017.08.08,1.17944,1.18230,1.17145,1.17502
2017.08.09,1.17491,1.17630,1.16882,1.17583
2017.08.10,1.17583,1.17844,1.17033,1.17696
2017.08.11,1.17711,1.18464,1.17478,1.18206
2017.08.14,1.18206,1.18377,1.17692,1.17796
2017.08.15,1.17796,1.17920,1.16865,1.17328
2017.08.16,1.17338,1.17780,1.16806,1.17663
2017.08.17,1.17662,1.17892,1.16617,1.17218
2017.08.18,1.17216,1.17737,1.17078,1.17584
2017.08.21,1.17543,1.18273,1.17305,1.18139
2017.08.22,1.18145,1.18236,1.17444,1.17604
2017.08.23,1.17604,1.18223,1.17395,1.18053
2017.08.24,1.18057,1.18170,1.17834,1.17981
2017.08.25,1.17983,1.19404,1.17725,1.19211
2017.08.28,1.19427,1.19829,1.19162,1.19780
2017.08.29,1.19779,1.20693,1.19458,1.19709
2017.08.30,1.19709,1.19837,1.18800,1.18826
2017.08.31,1.18825,1.19120,1.18222,1.19082
2017.09.01,1.19083,1.19789,1.18494,1.18617
2017.09.04,1.18835,1.19212,1.18728,1.18917
2017.09.05,1.18914,1.19399,1.18675,1.19115
2017.09.06,1.19118,1.19493,1.19021,1.19155
2017.09.07,1.19157,1.20586,1.19133,1.20199
2017.09.08,1.20211,1.20916,1.20141,1.20312
2017.09.11,1.20149,1.20286,1.19471,1.19501
2017.09.12,1.19511,1.19776,1.19256,1.19649
2017.09.13,1.19650,1.19941,1.18722,1.18838
2017.09.14,1.18839,1.19217,1.18370,1.19169
2017.09.15,1.19168,1.19864,1.19001,1.19453
2017.09.18,1.19206,1.19687,1.19142,1.19492
2017.09.19,1.19476,1.20058,1.19476,1.19926
2017.09.20,1.19931,1.20327,1.18605,1.18893
2017.09.21,1.18898,1.19529,1.18649,1.19396
2017.09.22,1.19400,1.20037,1.19354,1.19462
2017.09.25,1.18976,1.19357,1.18314,1.18471
2017.09.26,1.18470,1.18607,1.17567,1.17908
2017.09.27,1.17916,1.17945,1.17164,1.17435
2017.09.28,1.17431,1.18033,1.17204,1.17844
2017.09.29,1.17849,1.18317,1.17718,1.18132
2017.10.02,1.17893,1.18143,1.17294,1.17313
2017.10.03,1.17301,1.17726,1.16955,1.17426
2017.10.04,1.17419,1.17870,1.17343,1.17573
2017.10.05,1.17576,1.17782,1.16982,1.17096
2017.10.06,1.17095,1.17380,1.16687,1.17326
2017.10.09,1.17269,1.17552,1.17188,1.17388
2017.10.10,1.17388,1.18246,1.17380,1.18072
2017.10.11,1.18073,1.18683,1.17944,1.18566
2017.10.12,1.18551,1.18790,1.18262,1.18291
2017.10.13,1.18291,1.18740,1.18047,1.18198
2017.10.16,1.18119,1.18185,1.17798,1.17952
2017.10.17,1.17947,1.17991,1.17353,1.17655
2017.10.18,1.17656,1.18045,1.17295,1.17863
2017.10.19,1.17858,1.18573,1.17673,1.18515
2017.10.20,1.18523,1.18572,1.17618,1.17788
2017.10.23,1.17638,1.17767,1.17242,1.17476
2017.10.24,1.17475,1.17920,1.17420,1.17602
2017.10.25,1.17590,1.18169,1.17523,1.18115
2017.10.26,1.18110,1.18360,1.16397,1.16494
2017.10.27,1.16493,1.16564,1.15737,1.16077
2017.10.29,1.16093,1.16150,1.16041,1.16063
2017.10.30,1.16062,1.16570,1.15930,1.16486
2017.10.31,1.16485,1.16604,1.16244,1.16450
2017.11.01,1.16453,1.16564,1.16056,1.16216
2017.11.02,1.16214,1.16865,1.16122,1.16554
2017.11.03,1.16560,1.16894,1.15984,1.16073
2017.11.06,1.16064,1.16234,1.15795,1.16073
2017.11.07,1.16049,1.16148,1.15534,1.15849
2017.11.08,1.15850,1.16103,1.15782,1.15923
2017.11.09,1.15929,1.16541,1.15848,1.16400
2017.11.10,1.16400,1.16772,1.16221,1.16633
2017.11.13,1.16566,1.16744,1.16366,1.16657
2017.11.14,1.16657,1.18042,1.16607,1.17961
2017.11.15,1.17966,1.18590,1.17840,1.17894
2017.11.16,1.17889,1.18001,1.17561,1.17690
2017.11.17,1.17690,1.18210,1.17645,1.17882
2017.11.20,1.17840,1.18078,1.17216,1.17316
2017.11.21,1.17316,1.17570,1.17125,1.17370
2017.11.22,1.17370,1.18261,1.17316,1.18206
2017.11.23,1.18206,1.18552,1.18124,1.18461
2017.11.24,1.18490,1.19436,1.18360,1.19309
2017.11.27,1.19251,1.19603,1.18948,1.18962
2017.11.28,1.18960,1.19191,1.18261,1.18359
2017.11.29,1.18360,1.18820,1.18166,1.18451
2017.11.30,1.18450,1.19307,1.18082,1.19025
2017.12.01,1.19030,1.19395,1.18500,1.18975
2017.12.04,1.18615,1.18778,1.18284,1.18634
2017.12.05,1.18634,1.18758,1.17999,1.18248
2017.12.06,1.18241,1.18474,1.17799,1.17940
2017.12.07,1.17940,1.18138,1.17711,1.17714
2017.12.08,1.17711,1.17758,1.17293,1.17724
2017.12.11,1.17649,1.18110,1.17620,1.17677
2017.12.12,1.17677,1.17918,1.17168,1.17400
2017.12.13,1.17400,1.18307,1.17286,1.18241
2017.12.14,1.18250,1.18618,1.17700,1.17765
2017.12.15,1.17766,1.18116,1.17482,1.17492
2017.12.18,1.17401,1.18336,1.17372,1.17805
2017.12.19,1.17805,1.18481,1.17759,1.18385
2017.12.20,1.18374,1.19009,1.18281,1.18694
2017.12.21,1.18691,1.18888,1.18486,1.18716
2017.12.22,1.18714,1.18746,1.18161,1.18619
2017.12.26,1.18672,1.18779,1.18458,1.18571
2017.12.27,1.18573,1.19094,1.18543,1.18858
2017.12.28,1.18852,1.19582,1.18852,1.19412
2017.12.29,1.19411,1.20247,1.19354,1.20011
2018.01.02,1.20276,1.20805,1.20230,1.20572
2018.01.03,1.20575,1.20654,1.20006,1.20134
2018.01.04,1.20135,1.20883,1.20037,1.20661
2018.01.05,1.20661,1.20819,1.20198,1.20287
2018.01.08,1.20266,1.20515,1.19550,1.19651
2018.01.09,1.19650,1.19748,1.19148,1.19345
2018.01.10,1.19346,1.20172,1.19226,1.19451
2018.01.11,1.19455,1.20581,1.19286,1.20302
2018.01.12,1.20299,1.22174,1.20293,1.22037
2018.01.15,1.21932,1.22958,1.21868,1.22617
2018.01.16,1.22617,1.22824,1.21943,1.22583
2018.01.17,1.22578,1.23223,1.21762,1.21834
2018.01.18,1.21830,1.22643,1.21644,1.22362
2018.01.19,1.22359,1.22946,1.22142,1.22173
2018.01.22,1.22669,1.22716,1.22131,1.22595
2018.01.23,1.22595,1.23053,1.22222,1.22963
2018.01.24,1.22954,1.24141,1.22923,1.24062
2018.01.25,1.24061,1.25367,1.23630,1.23965
2018.01.26,1.23975,1.24929,1.23694,1.24282
2018.01.29,1.24229,1.24313,1.23359,1.23805
2018.01.30,1.23804,1.24532,1.23341,1.24009
2018.01.31,1.24007,1.24740,1.23863,1.24119
2018.02.01,1.24124,1.25216,1.23846,1.25070
2018.02.02,1.25068,1.25173,1.24086,1.24549
2018.02.05,1.24391,1.24741,1.23618,1.23648
2018.02.06,1.23643,1.24337,1.23131,1.23757
2018.02.07,1.23749,1.24049,1.22449,1.22615
2018.02.08,1.22614,1.22943,1.22113,1.22450
2018.02.09,1.22446,1.22865,1.22047,1.22507
2018.02.12,1.22441,1.22964,1.22343,1.22894
2018.02.13,1.22893,1.23702,1.22837,1.23493
2018.02.14,1.23492,1.24643,1.22751,1.24486
2018.02.15,1.24482,1.25094,1.24472,1.25047
2018.02.16,1.25035,1.25543,1.23924,1.24097
2018.02.19,1.24009,1.24342,1.23683,1.24055
2018.02.20,1.24043,1.24115,1.23189,1.23351
2018.02.21,1.23353,1.23590,1.22803,1.22810
2018.02.22,1.22811,1.23512,1.22590,1.23281
2018.02.23,1.23284,1.23364,1.22790,1.22938
2018.02.26,1.22925,1.23543,1.22770,1.23152
2018.02.27,1.23152,1.23455,1.22208,1.22318
2018.02.28,1.22306,1.22406,1.21871,1.21916
2018.03.01,1.21915,1.22724,1.21538,1.22643
2018.03.02,1.22643,1.23350,1.22506,1.23178
2018.03.05,1.23333,1.23637,1.22681,1.23341
2018.03.06,1.23336,1.24193,1.23272,1.24021
2018.03.07,1.24022,1.24437,1.23840,1.24099
2018.03.08,1.24088,1.24454,1.22972,1.23092
2018.03.09,1.23098,1.23334,1.22722,1.23044
2018.03.11,1.23099,1.23124,1.23060,1.23096
2018.03.12,1.23096,1.23447,1.22895,1.23336
2018.03.13,1.23340,1.24066,1.23137,1.23903
2018.03.14,1.23923,1.24117,1.23464,1.23672
2018.03.15,1.23670,1.23829,1.22995,1.23042
2018.03.16,1.23036,1.23353,1.22593,1.22866
2018.03.18,1.22820,1.22906,1.22810,1.22872
2018.03.19,1.22873,1.23578,1.22572,1.23333
2018.03.20,1.23334,1.23537,1.22390,1.22426
2018.03.21,1.22427,1.23489,1.22409,1.23376
2018.03.22,1.23377,1.23874,1.22843,1.23044
2018.03.23,1.23053,1.23725,1.23053,1.23526
2018.03.26,1.23482,1.24607,1.23482,1.24418
2018.03.27,1.24415,1.24754,1.23718,1.24011
2018.03.28,1.24009,1.24208,1.22994,1.23067
2018.03.29,1.23062,1.23349,1.22831,1.22993
2018.03.30,1.22992,1.23296,1.22892,1.23156
2018.04.02,1.23179,1.23442,1.22810,1.23008
2018.04.03,1.23008,1.23355,1.22528,1.22691
2018.04.04,1.22685,1.23139,1.22563,1.22769
2018.04.05,1.22769,1.22894,1.22175,1.22393
2018.04.06,1.22382,1.22898,1.22145,1.22792
2018.04.09,1.22840,1.23295,1.22594,1.23196
2018.04.10,1.23176,1.23768,1.23019,1.23549
2018.04.11,1.23540,1.23952,1.23461,1.23661
2018.04.12,1.23660,1.23790,1.22988,1.23253
2018.04.13,1.23253,1.23451,1.23063,1.23264
2018.04.16,1.23284,1.23936,1.23234,1.23784
2018.04.17,1.23772,1.24128,1.23351,1.23684
2018.04.18,1.23681,1.23963,1.23411,1.23726
2018.04.19,1.23720,1.23993,1.23283,1.23445
2018.04.20,1.23435,1.23520,1.22487,1.22864
2018.04.23,1.22709,1.22886,1.21967,1.22075
2018.04.24,1.22067,1.22439,1.21809,1.22308
2018.04.25,1.22310,1.22379,1.21592,1.21597
2018.04.26,1.21597,1.22091,1.20956,1.21023
2018.04.27,1.21015,1.21320,1.20546,1.21284
2018.04.30,1.21229,1.21379,1.20636,1.20764
2018.05.01,1.20758,1.20832,1.19807,1.19913
2018.05.02,1.19910,1.20308,1.19371,1.19493
2018.05.03,1.19493,1.20080,1.19470,1.19870
2018.05.04,1.19865,1.19946,1.19101,1.19616
2018.05.07,1.19545,1.19773,1.18967,1.19215
2018.05.08,1.19207,1.19379,1.18373,1.18632
2018.05.09,1.18630,1.18961,1.18219,1.18492
2018.05.10,1.18494,1.19458,1.18421,1.19137
2018.05.11,1.19135,1.19671,1.18904,1.19379
2018.05.14,1.19417,1.19953,1.19253,1.19254
2018.05.15,1.19252,1.19376,1.18194,1.18365
2018.05.16,1.18364,1.18532,1.17626,1.18061
2018.05.17,1.18054,1.18366,1.17756,1.17923
2018.05.18,1.17921,1.18212,1.17491,1.17694
2018.05.21,1.17695,1.17949,1.17158,1.17903
2018.05.22,1.17902,1.18291,1.17557,1.17772
2018.05.23,1.17766,1.17888,1.16751,1.16943
2018.05.24,1.16939,1.17496,1.16899,1.17184
2018.05.25,1.17184,1.17327,1.16442,1.16492
2018.05.28,1.16850,1.17275,1.16066,1.16230
2018.05.29,1.16222,1.16388,1.15091,1.15380
2018.05.30,1.15327,1.16753,1.15178,1.16620
2018.05.31,1.16648,1.17234,1.16402,1.16899
2018.06.01,1.16893,1.17171,1.16162,1.16586
2018.06.04,1.16569,1.17436,1.16555,1.16970
2018.06.05,1.16963,1.17313,1.16518,1.17158
2018.06.06,1.17151,1.17948,1.17076,1.17727
2018.06.07,1.17727,1.18390,1.17717,1.17971
2018.06.08,1.17976,1.18095,1.17263,1.17681
2018.06.11,1.17708,1.18196,1.17702,1.17826
2018.06.12,1.17803,1.18081,1.17322,1.17436
2018.06.13,1.17438,1.18000,1.17240,1.17897
2018.06.14,1.17898,1.18500,1.15621,1.15646
2018.06.15,1.15653,1.16263,1.15425,1.16057
2018.06.18,1.15865,1.16234,1.15646,1.16215
2018.06.19,1.16215,1.16436,1.15299,1.15874
2018.06.20,1.15873,1.15992,1.15353,1.15718
2018.06.21,1.15685,1.16328,1.15071,1.16018
2018.06.22,1.15977,1.16742,1.15976,1.16550
2018.06.25,1.16636,1.17123,1.16277,1.17019
2018.06.26,1.17020,1.17196,1.16341,1.16453
2018.06.27,1.16453,1.16714,1.15398,1.15509
2018.06.28,1.15511,1.15996,1.15265,1.15672
2018.06.29,1.15668,1.16895,1.15573,1.16833
2018.07.02,1.16702,1.16878,1.15905,1.16381
2018.07.03,1.16380,1.16723,1.16197,1.16549
2018.07.04,1.16536,1.16809,1.16298,1.16548
2018.07.05,1.16549,1.17195,1.16492,1.16886
2018.07.06,1.16890,1.17671,1.16793,1.17413
2018.07.09,1.17388,1.17900,1.17319,1.17489
2018.07.10,1.17484,1.17619,1.16895,1.17426
2018.07.11,1.17417,1.17573,1.16646,1.16707
2018.07.12,1.16713,1.16949,1.16490,1.16698
2018.07.13,1.16693,1.16860,1.16122,1.16843
2018.07.16,1.16891,1.17246,1.16749,1.17101
2018.07.17,1.17094,1.17439,1.16488,1.16595
2018.07.18,1.16587,1.16641,1.16014,1.16373
2018.07.19,1.16372,1.16776,1.15741,1.16402
2018.07.20,1.16399,1.17380,1.16255,1.17198
2018.07.23,1.17260,1.17494,1.16829,1.16908
2018.07.24,1.16900,1.17161,1.16538,1.16845
2018.07.25,1.16837,1.17378,1.16631,1.17274
2018.07.26,1.17270,1.17429,1.16395,1.16417
2018.07.27,1.16410,1.16634,1.16196,1.16546
2018.07.30,1.16558,1.17180,1.16473,1.17026
2018.07.31,1.17027,1.17452,1.16828,1.16894
2018.08.01,1.16896,1.16989,1.16565,1.16584
2018.08.02,1.16590,1.16669,1.15811,1.15834
2018.08.03,1.15833,1.16099,1.15595,1.15653
2018.08.06,1.15682,1.15701,1.15294,1.15526
2018.08.07,1.15517,1.16074,1.15491,1.15974
2018.08.08,1.15972,1.16274,1.15724,1.16089
2018.08.09,1.16089,1.16184,1.15249,1.15257
2018.08.10,1.15246,1.15356,1.13872,1.14070
2018.08.13,1.13718,1.14318,1.13642,1.14076
2018.08.14,1.14089,1.14286,1.13293,1.13435
2018.08.15,1.13422,1.13541,1.13002,1.13440
2018.08.16,1.13433,1.14082,1.13349,1.13753
2018.08.17,1.13751,1.14441,1.13656,1.14371
2018.08.20,1.14364,1.14840,1.13935,1.14795
2018.08.21,1.14799,1.16003,1.14788,1.15687
2018.08.22,1.15694,1.16220,1.15525,1.15954
2018.08.23,1.15946,1.15991,1.15290,1.15356
2018.08.24,1.15360,1.16391,1.15341,1.16203
2018.08.27,1.16148,1.16929,1.15937,1.16770
2018.08.28,1.16764,1.17327,1.16616,1.16932
2018.08.29,1.16928,1.17091,1.16513,1.17057
2018.08.30,1.17047,1.17174,1.16410,1.16687
2018.08.31,1.16669,1.16893,1.15838,1.16019
2018.09.03,1.15943,1.16271,1.15882,1.16173
2018.09.04,1.16159,1.16184,1.15295,1.15797
2018.09.05,1.15786,1.16392,1.15420,1.16285
2018.09.06,1.16280,1.16584,1.16046,1.16210
2018.09.07,1.16206,1.16486,1.15499,1.15522
2018.09.10,1.15477,1.16155,1.15255,1.15928
2018.09.11,1.15910,1.16432,1.15646,1.16040
2018.09.12,1.16040,1.16489,1.15693,1.16243
2018.09.13,1.16245,1.17006,1.16084,1.16891
2018.09.14,1.16890,1.17209,1.16199,1.16216
2018.09.17,1.16227,1.16974,1.16173,1.16811
2018.09.18,1.16810,1.17237,1.16515,1.16626
2018.09.19,1.16620,1.17141,1.16491,1.16715
2018.09.20,1.16704,1.17838,1.16684,1.17752
2018.09.21,1.17758,1.18020,1.17322,1.17535
2018.09.24,1.17433,1.18143,1.17233,1.17459
2018.09.25,1.17466,1.17917,1.17302,1.17649
2018.09.26,1.17649,1.17970,1.17253,1.17358
2018.09.27,1.17371,1.17564,1.16382,1.16399
2018.09.28,1.16395,1.16505,1.15688,1.16019
2018.10.01,1.16155,1.16237,1.15629,1.15770
2018.10.02,1.15771,1.15795,1.15046,1.15444
2018.10.03,1.15442,1.15929,1.14636,1.14755
2018.10.04,1.14754,1.15419,1.14626,1.15129
2018.10.05,1.15125,1.15488,1.14833,1.15177
2018.10.08,1.15204,1.15289,1.14593,1.14898
2018.10.09,1.14897,1.15026,1.14315,1.14882
2018.10.10,1.14883,1.15446,1.14792,1.15176
2018.10.11,1.15176,1.15985,1.15174,1.15919
2018.10.12,1.15924,1.16097,1.15339,1.15571
2018.10.15,1.15378,1.16054,1.15370,1.15775
2018.10.16,1.15775,1.16206,1.15651,1.15722
2018.10.17,1.15725,1.15799,1.14954,1.14992
2018.10.18,1.14989,1.15266,1.14483,1.14516
2018.10.19,1.14516,1.15338,1.14323,1.15138
2018.10.22,1.15156,1.15493,1.14550,1.14624
2018.10.23,1.14630,1.14928,1.14385,1.14685
2018.10.24,1.14689,1.14758,1.13787,1.13892
2018.10.25,1.13902,1.14317,1.13555,1.13735
2018.10.26,1.13734,1.14200,1.13350,1.14019
2018.10.28,1.13886,1.14020,1.13886,1.13966
2018.10.29,1.13969,1.14156,1.13599,1.13715
2018.10.30,1.13718,1.13870,1.13398,1.13427
2018.10.31,1.13424,1.13593,1.13014,1.13135
2018.11.01,1.13127,1.14234,1.13120,1.14006
2018.11.02,1.14010,1.14550,1.13714,1.13857
2018.11.05,1.13852,1.14231,1.13527,1.14059
2018.11.06,1.14057,1.14371,1.13907,1.14254
2018.11.07,1.14233,1.14988,1.13938,1.14251
2018.11.08,1.14243,1.14457,1.13508,1.13623
2018.11.09,1.13618,1.13681,1.13158,1.13330
2018.11.12,1.13193,1.13299,1.12148,1.12170
2018.11.13,1.12162,1.12928,1.12158,1.12868
2018.11.14,1.12862,1.13467,1.12625,1.13065
2018.11.15,1.13070,1.13616,1.12699,1.13244
2018.11.16,1.13241,1.14197,1.13208,1.14131
2018.11.19,1.14104,1.14637,1.13932,1.14512
2018.11.20,1.14512,1.14716,1.13581,1.13685
2018.11.21,1.13686,1.14239,1.13605,1.13810
2018.11.22,1.13795,1.14331,1.13791,1.14000
2018.11.23,1.13998,1.14204,1.13269,1.13309
2018.11.26,1.13368,1.13828,1.13244,1.13264
2018.11.27,1.13259,1.13430,1.12767,1.12841
2018.11.28,1.12847,1.13869,1.12664,1.13649
2018.11.29,1.13653,1.14009,1.13479,1.13910
2018.11.30,1.13909,1.13995,1.13047,1.13158
2018.12.03,1.13489,1.13790,1.13186,1.13521
2018.12.04,1.13515,1.14178,1.13177,1.13408
2018.12.05,1.13402,1.13605,1.13098,1.13435
2018.12.06,1.13427,1.14118,1.13203,1.13708
2018.12.07,1.13685,1.14228,1.13597,1.13959
2018.12.10,1.13895,1.14420,1.13497,1.13540
2018.12.11,1.13537,1.13994,1.13056,1.13145
2018.12.12,1.13145,1.13864,1.13142,1.13675
2018.12.13,1.13672,1.13926,1.13305,1.13577
2018.12.14,1.13603,1.13643,1.12692,1.13038
2018.12.17,1.12998,1.13569,1.12977,1.13464
2018.12.18,1.13464,1.14015,1.13359,1.13612
2018.12.19,1.13585,1.14386,1.13585,1.13722
2018.12.20,1.13731,1.14849,1.13693,1.14440
2018.12.21,1.14444,1.14733,1.13553,1.13664
2018.12.24,1.13731,1.14377,1.13599,1.14211
2018.12.26,1.14042,1.14134,1.13419,1.13502
2018.12.27,1.13499,1.14533,1.13499,1.14275
2018.12.28,1.14275,1.14720,1.14244,1.14398
2018.12.31,1.14330,1.14654,1.14208,1.14499
2019.01.02,1.14850,1.14923,1.13245,1.13415
2019.01.03,1.13415,1.14101,1.13083,1.13917
2019.01.04,1.13893,1.14183,1.13452,1.13957
2019.01.07,1.13944,1.14818,1.13944,1.14725
2019.01.08,1.14728,1.14839,1.14220,1.14391
2019.01.09,1.14392,1.15571,1.14363,1.15410
2019.01.10,1.15409,1.15691,1.14840,1.14985
2019.01.11,1.14984,1.15399,1.14573,1.14633
2019.01.14,1.14571,1.14814,1.14499,1.14671
2019.01.15,1.14667,1.14890,1.13813,1.14115
2019.01.16,1.14114,1.14242,1.13772,1.13903
2019.01.17,1.13903,1.14052,1.13693,1.13870
2019.01.18,1.13867,1.14094,1.13525,1.13608
2019.01.21,1.13595,1.13904,1.13562,1.13637
2019.01.22,1.13634,1.13730,1.13353,1.13588
2019.01.23,1.13583,1.13937,1.13500,1.13782
2019.01.24,1.13782,1.13907,1.12886,1.13003
2019.01.25,1.13006,1.14168,1.12993,1.14047
2019.01.28,1.13997,1.14430,1.13894,1.14257
2019.01.29,1.14240,1.14494,1.14105,1.14303
2019.01.30,1.14301,1.15010,1.14054,1.14778
2019.01.31,1.14776,1.15134,1.14350,1.14444
2019.02.01,1.14454,1.14877,1.14336,1.14523
2019.02.04,1.14502,1.14597,1.14235,1.14340
2019.02.05,1.14342,1.14397,1.14003,1.14041
2019.02.06,1.14042,1.14088,1.13602,1.13604
2019.02.07,1.13603,1.13693,1.13233,1.13383
2019.02.08,1.13387,1.13501,1.13203,1.13210
2019.02.11,1.13181,1.13293,1.12666,1.12752
2019.02.12,1.12746,1.13389,1.12569,1.13241
2019.02.13,1.13231,1.13407,1.12592,1.12592
2019.02.14,1.12585,1.13090,1.12484,1.12939
2019.02.15,1.12937,1.13054,1.12334,1.12903
2019.02.18,1.12905,1.13331,1.12880,1.13079
2019.02.19,1.13074,1.13568,1.12748,1.13391
2019.02.20,1.13388,1.13703,1.13243,1.13350
2019.02.21,1.13353,1.13657,1.13183,1.13326
2019.02.22,1.13328,1.13549,1.13154,1.13299
2019.02.25,1.13330,1.13669,1.13273,1.13562
2019.02.26,1.13559,1.14019,1.13445,1.13876
2019.02.27,1.13876,1.14027,1.13616,1.13684
2019.02.28,1.13685,1.14188,1.13585,1.13677
2019.03.01,1.13693,1.14078,1.13526,1.13620
2019.03.04,1.13794,1.13811,1.13084,1.13366
2019.03.05,1.13383,1.13398,1.12888,1.13066
2019.03.06,1.13063,1.13238,1.12847,1.13051
2019.03.07,1.13047,1.13195,1.11756,1.11923
2019.03.08,1.11922,1.12453,1.11845,1.12321
2019.03.10,1.12309,1.12341,1.12298,1.12327
2019.03.11,1.12329,1.12577,1.12211,1.12482
2019.03.12,1.12481,1.13041,1.12466,1.12869
2019.03.13,1.12871,1.13378,1.12766,1.13297
2019.03.14,1.13297,1.13369,1.12934,1.13036
2019.03.15,1.13041,1.13435,1.12991,1.13233
2019.03.17,1.13196,1.13255,1.13196,1.13209
2019.03.18,1.13213,1.13582,1.13183,1.13345
2019.03.19,1.13344,1.13610,1.13330,1.13487
2019.03.20,1.13493,1.14474,1.13348,1.14233
2019.03.21,1.14235,1.14367,1.13419,1.13724
2019.03.22,1.13720,1.13900,1.12725,1.13003
2019.03.24,1.12892,1.12988,1.12880,1.12929
2019.03.25,1.12930,1.13306,1.12883,1.13123
2019.03.26,1.13124,1.13251,1.12623,1.12696
2019.03.27,1.12696,1.12849,1.12414,1.12508
2019.03.28,1.12507,1.12604,1.12129,1.12252
2019.03.29,1.12256,1.12460,1.12091,1.12160
2019.04.01,1.12265,1.12490,1.12032,1.12116
2019.04.02,1.12113,1.12153,1.11830,1.12029
2019.04.03,1.12035,1.12539,1.11996,1.12314
2019.04.04,1.12313,1.12469,1.12053,1.12190
2019.04.05,1.12187,1.12448,1.12094,1.12150
2019.04.08,1.12147,1.12737,1.12106,1.12605
2019.04.09,1.12608,1.12835,1.12545,1.12605
2019.04.10,1.12598,1.12864,1.12288,1.12725
2019.04.11,1.12725,1.12867,1.12493,1.12501
2019.04.12,1.12504,1.13231,1.12504,1.12977
2019.04.15,1.13029,1.13202,1.12968,1.13023
2019.04.16,1.13025,1.13132,1.12791,1.12796
2019.04.17,1.12789,1.13229,1.12781,1.12931
2019.04.18,1.12933,1.13033,1.12255,1.12287
2019.04.19,1.12275,1.12469,1.12269,1.12410
2019.04.22,1.12420,1.12613,1.12351,1.12561
2019.04.23,1.12559,1.12605,1.11916,1.12264
2019.04.24,1.12255,1.12257,1.11399,1.11513
2019.04.25,1.11527,1.11618,1.11170,1.11289
2019.04.26,1.11290,1.11732,1.11103,1.11429
2019.04.29,1.11438,1.11862,1.11434,1.11836
2019.04.30,1.11835,1.12285,1.11750,1.12134
2019.05.01,1.12128,1.12640,1.11865,1.11945
2019.05.02,1.11956,1.12183,1.11699,1.11703
2019.05.03,1.11704,1.12040,1.11343,1.12018
2019.05.06,1.11730,1.12085,1.11687,1.11979
2019.05.07,1.11959,1.12172,1.11658,1.11909
2019.05.08,1.11888,1.12130,1.11821,1.11900
2019.05.09,1.11893,1.12502,1.11727,1.12125
2019.05.10,1.12113,1.12528,1.12113,1.12330
2019.05.13,1.12320,1.12626,1.12205,1.12205
2019.05.14,1.12210,1.12432,1.12005,1.12029
2019.05.15,1.12024,1.12237,1.11772,1.11993
2019.05.16,1.11999,1.12232,1.11655,1.11725
2019.05.17,1.11728,1.11836,1.11545,1.11557
2019.05.20,1.11592,1.11741,1.11499,1.11646
2019.05.21,1.11644,1.11873,1.11413,1.11593
2019.05.22,1.11560,1.11797,1.11479,1.11489
2019.05.23,1.11488,1.11867,1.11059,1.11799
2019.05.24,1.11800,1.12113,1.11714,1.12043
2019.05.27,1.12084,1.12144,1.11861,1.11908
2019.05.28,1.11911,1.11976,1.11587,1.11590
2019.05.29,1.11596,1.11716,1.11236,1.11301
2019.05.30,1.11297,1.11427,1.11155,1.11280
2019.05.31,1.11275,1.11790,1.11245,1.11673
2019.06.03,1.11624,1.12613,1.11595,1.12389
2019.06.04,1.12395,1.12766,1.12260,1.12508
2019.06.05,1.12495,1.13059,1.12189,1.12198
2019.06.06,1.12195,1.13081,1.11997,1.12745
2019.06.07,1.12745,1.13470,1.12505,1.13319
2019.06.10,1.13217,1.13299,1.12893,1.13099
2019.06.11,1.13099,1.13367,1.13007,1.13247
2019.06.12,1.13243,1.13426,1.12816,1.12859
2019.06.13,1.12854,1.13030,1.12676,1.12753
2019.06.14,1.12749,1.12884,1.12017,1.12098
2019.06.17,1.12082,1.12462,1.12029,1.12165
2019.06.18,1.12169,1.12421,1.11806,1.11933
2019.06.19,1.11915,1.12536,1.11864,1.12253
2019.06.20,1.12247,1.13162,1.12246,1.12908
2019.06.21,1.12907,1.13769,1.12823,1.13691
2019.06.24,1.13688,1.14033,1.13663,1.13961
2019.06.25,1.13964,1.14113,1.13435,1.13647
2019.06.26,1.13642,1.13906,1.13468,1.13668
2019.06.27,1.13659,1.13806,1.13470,1.13679
2019.06.28,1.13678,1.13927,1.13498,1.13688
2019.07.01,1.13583,1.13703,1.12802,1.12838
2019.07.02,1.12843,1.13205,1.12745,1.12835
2019.07.03,1.12832,1.13114,1.12679,1.12756
2019.07.04,1.12762,1.12943,1.12724,1.12835
2019.07.05,1.12826,1.12870,1.12068,1.12245
2019.07.08,1.12229,1.12337,1.12061,1.12126
2019.07.09,1.12132,1.12179,1.11925,1.12071
2019.07.10,1.12069,1.12634,1.12011,1.12494
2019.07.11,1.12495,1.12850,1.12444,1.12520
2019.07.12,1.12526,1.12741,1.12376,1.12692
2019.07.15,1.12682,1.12831,1.12526,1.12568
2019.07.16,1.12566,1.12626,1.12011,1.12080
2019.07.17,1.12092,1.12328,1.11991,1.12229
2019.07.18,1.12226,1.12797,1.12045,1.12743
2019.07.19,1.12750,1.12811,1.12026,1.12183
2019.07.22,1.12131,1.12246,1.12055,1.12074
2019.07.23,1.12073,1.12089,1.11451,1.11504
2019.07.24,1.11507,1.11550,1.11262,1.11387
2019.07.25,1.11392,1.11870,1.11006,1.11456
2019.07.26,1.11452,1.11502,1.11111,1.11273
2019.07.29,1.11238,1.11502,1.11122,1.11443
2019.07.30,1.11438,1.11604,1.11314,1.11533
2019.07.31,1.11532,1.11613,1.10594,1.10746
2019.08.01,1.10746,1.10948,1.10261,1.10834
2019.08.02,1.10830,1.11156,1.10692,1.11043
2019.08.05,1.11017,1.12124,1.11004,1.12018
2019.08.06,1.12019,1.12488,1.11667,1.11981
2019.08.07,1.11982,1.12411,1.11784,1.11972
2019.08.08,1.11972,1.12315,1.11761,1.11787
2019.08.09,1.11786,1.12222,1.11774,1.11996
2019.08.12,1.11969,1.12299,1.11612,1.12120
2019.08.13,1.12121,1.12277,1.11693,1.11697
2019.08.14,1.11696,1.11900,1.11300,1.11364
2019.08.15,1.11361,1.11577,1.10907,1.11055
2019.08.16,1.11056,1.11113,1.10656,1.10891
2019.08.19,1.10921,1.11130,1.10753,1.10762
2019.08.20,1.10760,1.11060,1.10648,1.10973
2019.08.21,1.10970,1.11063,1.10796,1.10831
2019.08.22,1.10834,1.11123,1.10628,1.10784
2019.08.23,1.10778,1.11524,1.10508,1.11420
2019.08.26,1.11483,1.11632,1.10935,1.10987
2019.08.27,1.10993,1.11149,1.10849,1.10878
2019.08.28,1.10877,1.10972,1.10725,1.10760
2019.08.29,1.10765,1.10927,1.10413,1.10554
2019.08.30,1.10557,1.10595,1.09624,1.09893
2019.09.02,1.09873,1.09958,1.09571,1.09665
2019.09.03,1.09675,1.09780,1.09255,1.09714
2019.09.04,1.09717,1.10375,1.09678,1.10332
2019.09.05,1.10343,1.10839,1.10160,1.10331
2019.09.06,1.10331,1.10565,1.10195,1.10241
2019.09.09,1.10228,1.10673,1.10147,1.10461
2019.09.10,1.10449,1.10586,1.10297,1.10424
2019.09.11,1.10422,1.10548,1.09844,1.10094
2019.09.12,1.10094,1.10863,1.09260,1.10620
2019.09.13,1.10620,1.11086,1.10546,1.10698
2019.09.16,1.10709,1.10856,1.09923,1.09993
2019.09.17,1.09979,1.10738,1.09895,1.10703
2019.09.18,1.10700,1.10750,1.10129,1.10286
2019.09.19,1.10285,1.10727,1.10221,1.10392
2019.09.20,1.10396,1.10668,1.09955,1.10182
2019.09.23,1.10130,1.10246,1.09652,1.09916
2019.09.24,1.09922,1.10232,1.09830,1.10177
2019.09.25,1.10186,1.10223,1.09367,1.09404
2019.09.26,1.09404,1.09666,1.09080,1.09184
2019.09.27,1.09190,1.09579,1.09040,1.09404
2019.09.30,1.09393,1.09469,1.08840,1.08972
2019.10.01,1.08971,1.09419,1.08783,1.09310
2019.10.02,1.09305,1.09627,1.09035,1.09583
2019.10.03,1.09581,1.09985,1.09402,1.09624
2019.10.04,1.09623,1.09976,1.09562,1.09763
2019.10.07,1.09792,1.09999,1.09611,1.09683
2019.10.08,1.09682,1.09953,1.09404,1.09549
2019.10.09,1.09531,1.09892,1.09492,1.09688
2019.10.10,1.09686,1.10331,1.09686,1.10043
2019.10.11,1.10044,1.10620,1.10000,1.10349
2019.10.14,1.10292,1.10420,1.10118,1.10259
2019.10.15,1.10253,1.10453,1.09905,1.10313
2019.10.16,1.10307,1.10846,1.10217,1.10701
2019.10.17,1.10705,1.11391,1.10643,1.11210
2019.10.18,1.11231,1.11704,1.11139,1.11685
2019.10.21,1.11572,1.11786,1.11380,1.11486
2019.10.22,1.11480,1.11561,1.11169,1.11236
2019.10.23,1.11236,1.11394,1.11054,1.11289
2019.10.24,1.11291,1.11619,1.10923,1.11026
2019.10.25,1.11026,1.11221,1.10722,1.10789
2019.10.27,1.10778,1.10798,1.10736,1.10783
2019.10.28,1.10783,1.11058,1.10753,1.10987
2019.10.29,1.10989,1.11177,1.10728,1.11111
2019.10.30,1.11111,1.11526,1.10793,1.11509
2019.10.31,1.11511,1.11749,1.11306,1.11507
2019.11.01,1.11505,1.11711,1.11275,1.11642
2019.11.04,1.11665,1.11746,1.11240,1.11261
2019.11.05,1.11261,1.11394,1.10627,1.10734
2019.11.06,1.10732,1.10920,1.10643,1.10646
2019.11.07,1.10645,1.10908,1.10352,1.10490
2019.11.08,1.10481,1.10545,1.10158,1.10185
2019.11.11,1.10216,1.10422,1.10157,1.10316
2019.11.12,1.10313,1.10377,1.10016,1.10071
2019.11.13,1.10076,1.10194,1.09945,1.10060
2019.11.14,1.10044,1.10266,1.09882,1.10197
2019.11.15,1.10197,1.10559,1.10137,1.10511
2019.11.18,1.10492,1.10891,1.10474,1.10704
2019.11.19,1.10705,1.10829,1.10617,1.10766
2019.11.20,1.10767,1.10805,1.10521,1.10705
2019.11.21,1.10708,1.10961,1.10513,1.10585
2019.11.22,1.10571,1.10867,1.10135,1.10182
2019.11.25,1.10145,1.10312,1.10027,1.10117
2019.11.26,1.10119,1.10247,1.10063,1.10184
2019.11.27,1.10180,1.10232,1.09915,1.09981
2019.11.28,1.09982,1.10170,1.09970,1.10054
2019.11.29,1.10065,1.10274,1.09802,1.10167
2019.12.02,1.10215,1.10900,1.10021,1.10775
2019.12.03,1.10774,1.10926,1.10651,1.10790
2019.12.04,1.10792,1.11151,1.10659,1.10759
2019.12.05,1.10761,1.11071,1.10742,1.11027
2019.12.06,1.11030,1.11089,1.10389,1.10594
2019.12.09,1.10548,1.10771,1.10524,1.10627
2019.12.10,1.10627,1.10968,1.10618,1.10895
2019.12.11,1.10900,1.11439,1.10693,1.11282
2019.12.12,1.11283,1.11534,1.11022,1.11272
2019.12.13,1.11276,1.11985,1.11016,1.11157
2019.12.16,1.11260,1.11572,1.11218,1.11413
2019.12.17,1.11417,1.11737,1.11283,1.11472
2019.12.18,1.11465,1.11533,1.11094,1.11118
2019.12.19,1.11113,1.11434,1.11064,1.11193
2019.12.20,1.11190,1.11239,1.10656,1.10747
2019.12.23,1.10795,1.10950,1.10691,1.10876
2019.12.24,1.10873,1.10932,1.10683,1.10864
2019.12.26,1.10866,1.11081,1.10813,1.10957
2019.12.27,1.10954,1.11875,1.10935,1.11749
2019.12.30,1.11762,1.12199,1.11705,1.11968
2019.12.31,1.11966,1.12384,1.11963,1.12282
2020.01.02,1.12080,1.12133,1.11628,1.11701
2020.01.03,1.11705,1.11790,1.11240,1.11554
2020.01.06,1.11655,1.12047,1.11564,1.11955
2020.01.07,1.11955,1.11971,1.11328,1.11509
2020.01.08,1.11505,1.11674,1.11008,1.11042
2020.01.09,1.11043,1.11196,1.10918,1.11037
2020.01.10,1.11035,1.11284,1.10843,1.11156
2020.01.13,1.11095,1.11462,1.11095,1.11323
2020.01.14,1.11326,1.11437,1.11036,1.11255
2020.01.15,1.11252,1.11627,1.11178,1.11485
2020.01.16,1.11485,1.11720,1.11272,1.11345
2020.01.17,1.11344,1.11418,1.10853,1.10875
2020.01.20,1.10889,1.11017,1.10759,1.10921
2020.01.21,1.10924,1.11173,1.10798,1.10798
2020.01.22,1.10806,1.10976,1.10694,1.10912
2020.01.23,1.10906,1.11079,1.10356,1.10509
2020.01.24,1.10502,1.10608,1.10189,1.10211
2020.01.27,1.10298,1.10368,1.10089,1.10172
2020.01.28,1.10176,1.10244,1.09971,1.10214
2020.01.29,1.10213,1.10269,1.09916,1.10065
2020.01.30,1.10077,1.10386,1.10036,1.10285
2020.01.31,1.10288,1.10949,1.10161,1.10931
2020.02.03,1.10920,1.10924,1.10349,1.10586
2020.02.04,1.10558,1.10633,1.10320,1.10425
2020.02.05,1.10433,1.10469,1.09928,1.09971
2020.02.06,1.09975,1.10131,1.09636,1.09796
2020.02.07,1.09797,1.09842,1.09413,1.09423
2020.02.10,1.09416,1.09567,1.09069,1.09099
2020.02.11,1.09092,1.09240,1.08904,1.09143
2020.02.12,1.09146,1.09248,1.08647,1.08714
2020.02.13,1.08714,1.08880,1.08333,1.08383
2020.02.14,1.08378,1.08605,1.08265,1.08284
2020.02.17,1.08387,1.08502,1.08284,1.08320
2020.02.18,1.08329,1.08366,1.07848,1.07911
2020.02.19,1.07892,1.08110,1.07814,1.08024
2020.02.20,1.08016,1.08203,1.07769,1.07821
2020.02.21,1.07813,1.08627,1.07813,1.08466
2020.02.24,1.08123,1.08713,1.08043,1.08506
2020.02.25,1.08507,1.08895,1.08293,1.08791
2020.02.26,1.08793,1.09078,1.08541,1.08791
2020.02.27,1.08792,1.10056,1.08741,1.09971
2020.02.28,1.09974,1.10522,1.09501,1.10254
2020.03.02,1.10442,1.11838,1.10355,1.11315
2020.03.03,1.11321,1.12127,1.10944,1.11680
2020.03.04,1.11682,1.11870,1.10947,1.11317
2020.03.05,1.11321,1.12441,1.11188,1.12309
2020.03.06,1.12354,1.13539,1.12107,1.12892
2020.03.08,1.13450,1.13555,1.13329,1.13446
2020.03.09,1.13448,1.14947,1.13391,1.14473
2020.03.10,1.14476,1.14572,1.12703,1.12863
2020.03.11,1.12855,1.13659,1.12493,1.12579
2020.03.12,1.12623,1.13325,1.10545,1.11652
2020.03.13,1.11653,1.12206,1.10542,1.11005
2020.03.15,1.10653,1.11982,1.10651,1.11875
2020.03.16,1.11870,1.12358,1.10837,1.11740
2020.03.17,1.11740,1.11883,1.09545,1.10031
2020.03.18,1.10053,1.10444,1.08010,1.09101
2020.03.19,1.09101,1.09805,1.06535,1.06616
2020.03.20,1.06616,1.08300,1.06368,1.06964
2020.03.22,1.07003,1.07062,1.06900,1.06914
2020.03.23,1.06913,1.08265,1.06349,1.07226
2020.03.24,1.07220,1.08874,1.07214,1.07790
2020.03.25,1.07788,1.08931,1.07594,1.08756
2020.03.26,1.08756,1.10580,1.08693,1.10258
2020.03.27,1.10255,1.11463,1.09525,1.11366
2020.03.30,1.11127,1.11433,1.10091,1.10411
2020.03.31,1.10413,1.10512,1.09259,1.10238
2020.04.01,1.10268,1.10381,1.09020,1.09579
2020.04.02,1.09602,1.09672,1.08199,1.08489
2020.04.03,1.08535,1.08599,1.07720,1.08070
2020.04.06,1.08104,1.08346,1.07676,1.07913
2020.04.07,1.07915,1.09257,1.07813,1.08900
2020.04.08,1.08894,1.09013,1.08294,1.08539
2020.04.09,1.08529,1.09510,1.08402,1.09280
2020.04.10,1.09278,1.09516,1.09179,1.09294
2020.04.13,1.09466,1.09670,1.08918,1.09065
2020.04.14,1.09027,1.09864,1.08987,1.09783
2020.04.15,1.09769,1.09892,1.08556,1.09037
2020.04.16,1.09052,1.09105,1.08158,1.08371
2020.04.17,1.08346,1.08917,1.08112,1.08703
2020.04.20,1.08629,1.08959,1.08405,1.08580
2020.04.21,1.08579,1.08793,1.08158,1.08557
2020.04.22,1.08542,1.08843,1.08024,1.08216
2020.04.23,1.08217,1.08461,1.07553,1.07745
2020.04.24,1.07751,1.08290,1.07262,1.08218
2020.04.27,1.08176,1.08594,1.08106,1.08264
2020.04.28,1.08256,1.08877,1.08089,1.08170
2020.04.29,1.08177,1.08848,1.08170,1.08741
2020.04.30,1.08683,1.09718,1.08321,1.09502
2020.05.01,1.09477,1.10174,1.09336,1.09777
2020.05.04,1.09660,1.09783,1.08947,1.09063
2020.05.05,1.09022,1.09250,1.08249,1.08320
2020.05.06,1.08324,1.08454,1.07813,1.07911
2020.05.07,1.07896,1.08332,1.07657,1.08302
2020.05.08,1.08289,1.08747,1.08143,1.08385
2020.05.11,1.08229,1.08496,1.07995,1.08051
2020.05.12,1.08029,1.08843,1.07835,1.08451
2020.05.13,1.08462,1.08957,1.08109,1.08165
2020.05.14,1.08161,1.08231,1.07739,1.08029
2020.05.15,1.08026,1.08500,1.07881,1.08179
2020.05.18,1.08034,1.09261,1.07991,1.09113
2020.05.19,1.09146,1.09752,1.09014,1.09215
2020.05.20,1.09193,1.09983,1.09164,1.09751
2020.05.21,1.09761,1.10075,1.09363,1.09459
2020.05.22,1.09445,1.09528,1.08845,1.09011
2020.05.25,1.08889,1.09137,1.08697,1.08948
2020.05.26,1.08939,1.09949,1.08899,1.09812
2020.05.27,1.09806,1.10299,1.09329,1.10026
2020.05.28,1.10016,1.10928,1.09909,1.10754
2020.05.29,1.10752,1.11441,1.10669,1.11012
2020.06.01,1.11121,1.11528,1.10996,1.11335
2020.06.02,1.11347,1.11951,1.11143,1.11658
2020.06.03,1.11670,1.12568,1.11658,1.12313
2020.06.04,1.12316,1.13612,1.11941,1.13361
2020.06.05,1.13358,1.13830,1.12776,1.12904
2020.06.08,1.12893,1.13188,1.12675,1.12928
2020.06.09,1.12878,1.13630,1.12402,1.13380
2020.06.10,1.13379,1.14213,1.13209,1.13623
2020.06.11,1.13681,1.14027,1.12878,1.12929
2020.06.12,1.12877,1.13397,1.12117,1.12556
2020.06.15,1.12290,1.13315,1.12256,1.13210
2020.06.16,1.13196,1.13524,1.12270,1.12623
2020.06.17,1.12621,1.12931,1.12065,1.12422
2020.06.18,1.12375,1.12605,1.11846,1.12038
2020.06.19,1.12037,1.12536,1.11673,1.11757
2020.06.22,1.11783,1.12689,1.11677,1.12582
2020.06.23,1.12546,1.13477,1.12323,1.13065
2020.06.24,1.13066,1.13249,1.12473,1.12493
2020.06.25,1.12447,1.12588,1.11895,1.12157
2020.06.26,1.12115,1.12385,1.11945,1.12170
2020.06.29,1.12144,1.12869,1.12137,1.12402
2020.06.30,1.12354,1.12610,1.11900,1.12320
2020.07.01,1.12285,1.12742,1.11842,1.12499
2020.07.02,1.12481,1.13018,1.12225,1.12376
2020.07.03,1.12272,1.12518,1.12185,1.12359
2020.07.06,1.12412,1.13448,1.12365,1.13075
2020.07.07,1.13019,1.13316,1.12581,1.12720
2020.07.08,1.12692,1.13508,1.12615,1.13285
2020.07.09,1.13258,1.13699,1.12792,1.12832
2020.07.10,1.12776,1.13240,1.12541,1.12970
2020.07.13,1.12975,1.13741,1.12975,1.13416
2020.07.14,1.13375,1.14079,1.13243,1.13980
2020.07.15,1.13905,1.14511,1.13903,1.14103
2020.07.16,1.14037,1.14411,1.13696,1.13822
2020.07.17,1.13820,1.14428,1.13767,1.14239
2020.07.20,1.14049,1.14669,1.14017,1.14464
2020.07.21,1.14420,1.15389,1.14220,1.15256
2020.07.22,1.15251,1.16006,1.15060,1.15680
2020.07.23,1.15700,1.16260,1.15396,1.15944
2020.07.24,1.15890,1.16570,1.15806,1.16541
2020.07.27,1.16385,1.17804,1.16380,1.17501
2020.07.28,1.17484,1.17729,1.16979,1.17139
2020.07.29,1.17097,1.18053,1.17097,1.17903
2020.07.30,1.17841,1.18473,1.17299,1.18457
2020.07.31,1.18449,1.19079,1.17610,1.17750
2020.08.03,1.17695,1.17959,1.16951,1.17613
2020.08.04,1.17603,1.18049,1.17205,1.18012
2020.08.05,1.17949,1.19040,1.17921,1.18617
2020.08.06,1.18592,1.19154,1.18171,1.18749
2020.08.07,1.18751,1.18820,1.17543,1.17838
2020.08.10,1.17880,1.17998,1.17351,1.17356
2020.08.11,1.17348,1.18063,1.17210,1.17387
2020.08.12,1.17383,1.18154,1.17102,1.17832
2020.08.13,1.17792,1.18633,1.17768,1.18123
2020.08.14,1.18101,1.18495,1.17808,1.18393
2020.08.17,1.18390,1.18803,1.18279,1.18689
2020.08.18,1.18655,1.19648,1.18608,1.19294
2020.08.19,1.19257,1.19519,1.18296,1.18357
2020.08.20,1.18333,1.18678,1.18014,1.18590
2020.08.21,1.18552,1.18820,1.17533,1.17947
2020.08.24,1.17893,1.18489,1.17834,1.17859
2020.08.25,1.17862,1.18427,1.17833,1.18331
2020.08.26,1.18318,1.18383,1.17716,1.18289
2020.08.27,1.18268,1.19010,1.17614,1.18204
2020.08.28,1.18189,1.19189,1.18102,1.19046
2020.08.31,1.18966,1.19653,1.18834,1.19345
2020.09.01,1.19303,1.20103,1.19004,1.19098
2020.09.02,1.19087,1.19278,1.18213,1.18531
2020.09.03,1.18484,1.18657,1.17880,1.18503
2020.09.04,1.18459,1.18645,1.17800,1.18363
2020.09.07,1.18443,1.18478,1.18103,1.18104
2020.09.08,1.18106,1.18266,1.17647,1.17715
2020.09.09,1.17752,1.18329,1.17521,1.18016
2020.09.10,1.17980,1.19164,1.17953,1.18132
2020.09.11,1.18132,1.18732,1.18093,1.18426
2020.09.14,1.18349,1.18871,1.18305,1.18606
2020.09.15,1.18593,1.18997,1.18388,1.18445
2020.09.16,1.18434,1.18815,1.17865,1.18141
2020.09.17,1.18115,1.18516,1.17364,1.18462
2020.09.18,1.18446,1.18696,1.18256,1.18400
2020.09.21,1.18373,1.18710,1.17308,1.17694
2020.09.22,1.17612,1.17729,1.16911,1.17065
2020.09.23,1.17032,1.17182,1.16506,1.16583
2020.09.24,1.16582,1.16861,1.16257,1.16667
2020.09.25,1.16654,1.16842,1.16115,1.16297
2020.09.28,1.16182,1.16792,1.16144,1.16654
2020.09.29,1.16599,1.17448,1.16599,1.17411
2020.09.30,1.17408,1.17542,1.16840,1.17185
2020.10.01,1.17158,1.17689,1.17158,1.17437
2020.10.02,1.17454,1.17472,1.16951,1.17156
2020.10.05,1.17110,1.17968,1.17051,1.17820
2020.10.06,1.17780,1.18069,1.17310,1.17322
2020.10.07,1.17292,1.17811,1.17242,1.17579
2020.10.08,1.17567,1.17810,1.17320,1.17586
2020.10.09,1.17543,1.18302,1.17543,1.18287
2020.10.12,1.18065,1.18259,1.17860,1.18104
2020.10.13,1.18104,1.18155,1.17298,1.17418
2020.10.14,1.17409,1.17703,1.17184,1.17440
2020.10.15,1.17408,1.17570,1.16877,1.17040
2020.10.16,1.17052,1.17454,1.16933,1.17143
2020.10.19,1.17154,1.17929,1.17024,1.17692
2020.10.20,1.17643,1.18399,1.17591,1.18192
2020.10.21,1.18175,1.18798,1.18175,1.18538
2020.10.22,1.18577,1.18661,1.18108,1.18155
2020.10.23,1.18127,1.18640,1.17860,1.18560
2020.10.25,1.18510,1.18558,1.18462,1.18548
2020.10.26,1.18562,1.18589,1.18025,1.18084
2020.10.27,1.18082,1.18380,1.17772,1.17867
2020.10.28,1.17865,1.17871,1.17171,1.17449
2020.10.29,1.17446,1.17579,1.16493,1.16737
2020.10.30,1.16735,1.17033,1.16391,1.16441
2020.11.02,1.16470,1.16549,1.16215,1.16393
2020.11.03,1.16392,1.17390,1.16283,1.17156
2020.11.04,1.17156,1.17707,1.16018,1.17183
2020.11.05,1.17223,1.18589,1.17100,1.18193
2020.11.06,1.18212,1.18902,1.17947,1.18742
2020.11.09,1.18879,1.19191,1.17947,1.18097
2020.11.10,1.18114,1.18424,1.17791,1.18098
2020.11.11,1.18101,1.18320,1.17448,1.17745
2020.11.12,1.17724,1.18224,1.17579,1.18015
2020.11.13,1.18008,1.18368,1.17975,1.18325
2020.11.16,1.18371,1.18677,1.18134,1.18482
2020.11.17,1.18485,1.18929,1.18417,1.18595
2020.11.18,1.18572,1.18902,1.18486,1.18496
2020.11.19,1.18489,1.18817,1.18155,1.18728
2020.11.20,1.18685,1.18899,1.18490,1.18558
2020.11.23,1.18500,1.19052,1.17994,1.18372
2020.11.24,1.18375,1.18954,1.18363,1.18868
2020.11.25,1.18860,1.19290,1.18811,1.19112
2020.11.26,1.19101,1.19400,1.18844,1.19103
2020.11.27,1.19085,1.19648,1.19068,1.19583
2020.11.30,1.19570,1.20025,1.19220,1.19220
2020.12.01,1.19225,1.20758,1.19175,1.20660
2020.12.02,1.20652,1.21177,1.20393,1.21107
2020.12.03,1.21103,1.21737,1.21002,1.21424
2020.12.04,1.21375,1.21766,1.21095,1.21180
2020.12.07,1.21265,1.21655,1.20778,1.21049
2020.12.08,1.21052,1.21332,1.20947,1.20994
2020.12.09,1.20997,1.21463,1.20582,1.20771
2020.12.10,1.20765,1.21581,1.20715,1.21329
2020.12.11,1.21350,1.21622,1.21048,1.21097
2020.12.14,1.21362,1.21759,1.21148,1.21399
2020.12.15,1.21391,1.21681,1.21209,1.21474
2020.12.16,1.21471,1.22114,1.21241,1.21946
2020.12.17,1.21944,1.22720,1.21891,1.22640
2020.12.18,1.22640,1.22707,1.22246,1.22522
2020.12.21,1.22169,1.22522,1.21291,1.22384
2020.12.22,1.22388,1.22561,1.21514,1.21583
2020.12.23,1.21582,1.22202,1.21532,1.21825
2020.12.24,1.21822,1.22149,1.21765,1.21818
2020.12.28,1.21845,1.22496,1.21786,1.22118
2020.12.29,1.22110,1.22743,1.22041,1.22443
2020.12.30,1.22435,1.23089,1.22431,1.22971
2020.12.31,1.22922,1.23083,1.22201,1.22241
2021.01.04,1.22345,1.23087,1.22260,1.22506
2021.01.05,1.22460,1.23046,1.22420,1.22899
2021.01.06,1.22909,1.23485,1.22649,1.23215
2021.01.07,1.23217,1.23436,1.22443,1.22675
2021.01.08,1.22681,1.22840,1.21922,1.22202
2021.01.11,1.22135,1.22219,1.21314,1.21482
2021.01.12,1.21468,1.22088,1.21363,1.22031
2021.01.13,1.22022,1.22220,1.21391,1.21539
2021.01.14,1.21524,1.21775,1.21104,1.21530
2021.01.15,1.21501,1.21618,1.20743,1.20743
2021.01.18,1.20823,1.20861,1.20527,1.20763
2021.01.19,1.20735,1.21441,1.20722,1.21271
2021.01.20,1.21262,1.21574,1.20759,1.21044
2021.01.21,1.21006,1.21721,1.20995,1.21611
2021.01.22,1.21569,1.21888,1.21508,1.21701
2021.01.25,1.21665,1.21823,1.21151,1.21383
2021.01.26,1.21367,1.21751,1.21069,1.21581
2021.01.27,1.21555,1.21692,1.20577,1.21115
2021.01.28,1.21065,1.21412,1.20799,1.21169
2021.01.29,1.21192,1.21552,1.20937,1.21360
2021.02.01,1.21265,1.21358,1.20551,1.20569
2021.02.02,1.20582,1.20871,1.20108,1.20402
2021.02.03,1.20397,1.20494,1.20033,1.20329
2021.02.04,1.20310,1.20420,1.19565,1.19595
2021.02.05,1.19575,1.20492,1.19516,1.20473
2021.02.08,1.20331,1.20652,1.20190,1.20453
2021.02.09,1.20453,1.21211,1.20441,1.21185
2021.02.10,1.21133,1.21431,1.21082,1.21147
2021.02.11,1.21157,1.21487,1.21129,1.21266
2021.02.12,1.21262,1.21342,1.20808,1.21174
2021.02.15,1.21204,1.21443,1.21158,1.21249
2021.02.16,1.21249,1.21687,1.20943,1.21024
2021.02.17,1.21055,1.21071,1.20224,1.20339
2021.02.18,1.20313,1.20938,1.20313,1.20851
2021.02.19,1.20877,1.21436,1.20816,1.21162
2021.02.22,1.21108,1.21686,1.20904,1.21503
2021.02.23,1.21507,1.21791,1.21345,1.21472
2021.02.24,1.21446,1.21739,1.21083,1.21617
2021.02.25,1.21599,1.22424,1.21552,1.21742
2021.02.26,1.21742,1.21828,1.20615,1.20719
2021.03.01,1.20661,1.21005,1.20268,1.20451
2021.03.02,1.20464,1.20936,1.19909,1.20871
2021.03.03,1.20886,1.21123,1.20419,1.20605
2021.03.04,1.20588,1.20654,1.19609,1.19627
2021.03.05,1.19640,1.19760,1.18920,1.19080
2021.03.08,1.19136,1.19314,1.18433,1.18444
2021.03.09,1.18419,1.19149,1.18347,1.18963
2021.03.10,1.18977,1.19289,1.18681,1.19251
2021.03.11,1.19259,1.19891,1.19148,1.19811
2021.03.12,1.19736,1.19877,1.19092,1.19517
2021.03.14,1.19451,1.19507,1.19428,1.19502
2021.03.15,1.19502,1.19666,1.19103,1.19267
2021.03.16,1.19264,1.19511,1.18812,1.19003
2021.03.17,1.19006,1.19848,1.18856,1.19795
2021.03.18,1.19786,1.19881,1.19054,1.19133
2021.03.19,1.19130,1.19365,1.18731,1.19037
2021.03.21,1.18701,1.18826,1.18687,1.18791
2021.03.22,1.18787,1.19462,1.18739,1.19326
2021.03.23,1.19323,1.19400,1.18412,1.18505
2021.03.24,1.18471,1.18510,1.18080,1.18117
2021.03.25,1.18116,1.18269,1.17603,1.17678
2021.03.26,1.17675,1.18043,1.17675,1.17921
2021.03.29,1.17884,1.17931,1.17600,1.17628
2021.03.30,1.17617,1.17730,1.17105,1.17128
2021.03.31,1.17149,1.17592,1.17033,1.17262
2021.04.01,1.17273,1.17792,1.17119,1.17727
2021.04.02,1.17717,1.17859,1.17484,1.17583
2021.04.05,1.17532,1.18188,1.17370,1.18106
2021.04.06,1.18095,1.18769,1.17944,1.18725
2021.04.07,1.18701,1.19139,1.18601,1.18622
2021.04.08,1.18620,1.19266,1.18600,1.19090
2021.04.09,1.19106,1.19193,1.18663,1.19011
2021.04.12,1.18877,1.19183,1.18704,1.19065
2021.04.13,1.19078,1.19551,1.18767,1.19455
2021.04.14,1.19450,1.19866,1.19414,1.19754
2021.04.15,1.19758,1.19926,1.19554,1.19631
2021.04.16,1.19609,1.19939,1.19498,1.19807
2021.04.19,1.19712,1.20471,1.19418,1.20331
2021.04.20,1.20329,1.20790,1.20217,1.20315
2021.04.21,1.20324,1.20429,1.19978,1.20310
2021.04.22,1.20326,1.20688,1.19928,1.20102
2021.04.23,1.20119,1.20992,1.20095,1.20960
2021.04.26,1.20912,1.21161,1.20602,1.20803
2021.04.27,1.20805,1.20920,1.20560,1.20857
2021.04.28,1.20874,1.21339,1.20554,1.21212
2021.04.29,1.21214,1.21491,1.21013,1.21141
2021.04.30,1.21105,1.21257,1.20156,1.20185
2021.05.03,1.20300,1.20752,1.20123,1.20597
2021.05.04,1.20614,1.20633,1.19982,1.20100
2021.05.05,1.20084,1.20257,1.19852,1.19994
2021.05.06,1.20014,1.20708,1.19923,1.20604
2021.05.07,1.20579,1.21707,1.20522,1.21630
2021.05.10,1.21604,1.21775,1.21264,1.21264
2021.05.11,1.21256,1.21808,1.21224,1.21447
2021.05.12,1.21429,1.21515,1.20649,1.20665
2021.05.13,1.20672,1.21053,1.20505,1.20747
2021.05.14,1.20766,1.21469,1.20703,1.21446
2021.05.17,1.21424,1.21680,1.21254,1.21501
2021.05.18,1.21473,1.22332,1.21473,1.22195
2021.05.19,1.22188,1.22442,1.21592,1.21699
2021.05.20,1.21652,1.22284,1.21652,1.22244
2021.05.21,1.22241,1.22391,1.21599,1.21789
2021.05.24,1.21761,1.22291,1.21714,1.22128
2021.05.25,1.22087,1.22656,1.22084,1.22443
2021.05.26,1.22465,1.22621,1.21810,1.21869
2021.05.27,1.21889,1.22142,1.21744,1.21907
2021.05.28,1.21898,1.22041,1.21317,1.21911
2021.05.31,1.21959,1.22307,1.21826,1.22233
2021.06.01,1.22260,1.22536,1.22109,1.22110
2021.06.02,1.22093,1.22258,1.21633,1.22062
2021.06.03,1.22076,1.22136,1.21175,1.21229
2021.06.04,1.21243,1.21850,1.21031,1.21652
2021.06.07,1.21589,1.22010,1.21441,1.21876
2021.06.08,1.21879,1.21934,1.21635,1.21679
2021.06.09,1.21697,1.22172,1.21697,1.21747
2021.06.10,1.21749,1.21940,1.21424,1.21653
2021.06.11,1.21663,1.21922,1.20920,1.21069
2021.06.14,1.21038,1.21297,1.20934,1.21181
2021.06.15,1.21165,1.21465,1.21005,1.21239
2021.06.16,1.21238,1.21339,1.19918,1.19918
2021.06.17,1.19937,1.20056,1.18910,1.19021
2021.06.18,1.19043,1.19242,1.18464,1.18599
2021.06.21,1.18549,1.19204,1.18469,1.19109
2021.06.22,1.19143,1.19519,1.18802,1.19345
2021.06.23,1.19340,1.19694,1.19107,1.19211
2021.06.24,1.19238,1.19556,1.19169,1.19274
2021.06.25,1.19261,1.19744,1.19254,1.19334
2021.06.28,1.19314,1.19438,1.19016,1.19195
2021.06.29,1.19217,1.19292,1.18768,1.18918
2021.06.30,1.18934,1.19082,1.18443,1.18522
2021.07.01,1.18542,1.18834,1.18366,1.18455
2021.07.02,1.18472,1.18736,1.18064,1.18656
2021.07.05,1.18599,1.18799,1.18506,1.18590
2021.07.06,1.18605,1.18943,1.18061,1.18193
2021.07.07,1.18206,1.18357,1.17808,1.17864
2021.07.08,1.17871,1.18671,1.17828,1.18395
2021.07.09,1.18394,1.18804,1.18242,1.18754
2021.07.12,1.18718,1.18794,1.18353,1.18559
2021.07.13,1.18587,1.18744,1.17713,1.17797
2021.07.14,1.17714,1.18381,1.17677,1.18340
2021.07.15,1.18335,1.18498,1.17954,1.18090
2021.07.16,1.18076,1.18216,1.17914,1.18035
2021.07.19,1.18050,1.18237,1.17630,1.17966
2021.07.20,1.17928,1.18018,1.17550,1.17777
2021.07.21,1.17756,1.18041,1.17512,1.17924
2021.07.22,1.17885,1.18297,1.17567,1.17664
2021.07.23,1.17659,1.17858,1.17537,1.17700
2021.07.26,1.17680,1.18165,1.17626,1.17976
2021.07.27,1.18042,1.18403,1.17693,1.18120
2021.07.28,1.18117,1.18488,1.17712,1.18405
2021.07.29,1.18401,1.18921,1.18381,1.18820
2021.07.30,1.18822,1.19080,1.18508,1.18665
2021.08.02,1.18610,1.18962,1.18583,1.18649
2021.08.03,1.18650,1.18926,1.18530,1.18593
2021.08.04,1.18600,1.18989,1.18320,1.18325
2021.08.05,1.18355,1.18564,1.18272,1.18281
2021.08.06,1.18304,1.18346,1.17536,1.17590
2021.08.09,1.17589,1.17681,1.17340,1.17345
2021.08.10,1.17342,1.17419,1.17090,1.17180
2021.08.11,1.17152,1.17534,1.17053,1.17345
2021.08.12,1.17349,1.17476,1.17229,1.17284
2021.08.13,1.17262,1.18039,1.17254,1.17935
2021.08.16,1.17935,1.18000,1.17667,1.17726
2021.08.17,1.17732,1.17838,1.17053,1.17053
2021.08.18,1.17049,1.17419,1.16930,1.17063
2021.08.19,1.17060,1.17147,1.16650,1.16724
2021.08.20,1.16706,1.17038,1.16633,1.16982
2021.08.23,1.16909,1.17495,1.16886,1.17399
2021.08.24,1.17398,1.17643,1.17264,1.17549
2021.08.25,1.17513,1.17740,1.17254,1.17670
2021.08.26,1.17672,1.17783,1.17453,1.17467
2021.08.27,1.17490,1.18016,1.17340,1.17937
2021.08.30,1.17930,1.18092,1.17819,1.17917
2021.08.31,1.17951,1.18445,1.17934,1.18039
2021.09.01,1.18078,1.18565,1.17929,1.18342
2021.09.02,1.18340,1.18753,1.18336,1.18741
2021.09.03,1.18735,1.19082,1.18650,1.18772
2021.09.06,1.18775,1.18856,1.18551,1.18653
2021.09.07,1.18655,1.18845,1.18346,1.18346
2021.09.08,1.18350,1.18503,1.18013,1.18139
2021.09.09,1.18098,1.18408,1.18044,1.18209
2021.09.10,1.18207,1.18505,1.18078,1.18086
2021.09.13,1.18105,1.18163,1.17693,1.18091
2021.09.14,1.18082,1.18450,1.17993,1.18034
2021.09.15,1.17977,1.18312,1.17977,1.18118
2021.09.16,1.18151,1.18199,1.17496,1.17639
2021.09.17,1.17589,1.17882,1.17238,1.17238
2021.09.20,1.17285,1.17357,1.16994,1.17225
2021.09.21,1.17202,1.17479,1.17141,1.17206
2021.09.22,1.17205,1.17546,1.16838,1.16853
2021.09.23,1.16846,1.17494,1.16826,1.17352
2021.09.24,1.17336,1.17467,1.16998,1.17186
2021.09.27,1.17254,1.17255,1.16838,1.16929
2021.09.28,1.16928,1.17025,1.16674,1.16805
2021.09.29,1.16822,1.16893,1.15885,1.15928
2021.09.30,1.15967,1.16089,1.15619,1.15744
2021.10.01,1.15775,1.16067,1.15623,1.15912
2021.10.04,1.15928,1.16393,1.15870,1.16159
2021.10.05,1.16173,1.16214,1.15799,1.15927
2021.10.06,1.16023,1.16023,1.15287,1.15519
2021.10.07,1.15507,1.15712,1.15469,1.15478
2021.10.08,1.15463,1.15853,1.15406,1.15728
2021.10.11,1.15679,1.15859,1.15462,1.15462
2021.10.12,1.15495,1.15696,1.15228,1.15284
2021.10.13,1.15289,1.15967,1.15277,1.15908
2021.10.14,1.15878,1.16235,1.15832,1.15949
2021.10.15,1.15913,1.16180,1.15874,1.15978
2021.10.18,1.15912,1.16217,1.15710,1.16084
2021.10.19,1.16079,1.16686,1.16073,1.16295
2021.10.20,1.16263,1.16578,1.16161,1.16469
2021.10.21,1.16503,1.16665,1.16186,1.16194
2021.10.22,1.16201,1.16550,1.16177,1.16420
2021.10.25,1.16357,1.16643,1.15898,1.16040
2021.10.26,1.16029,1.16250,1.15841,1.15935
2021.10.27,1.15951,1.16255,1.15843,1.15964
2021.10.28,1.16009,1.16914,1.15814,1.16762
2021.10.29,1.16769,1.16892,1.15344,1.15604
2021.10.31,1.15562,1.15627,1.15557,1.15601
2021.11.01,1.15604,1.16083,1.15453,1.16029
2021.11.02,1.16029,1.16127,1.15742,1.15791
2021.11.03,1.15789,1.16155,1.15616,1.16119
2021.11.04,1.16115,1.16156,1.15275,1.15534
2021.11.05,1.15525,1.15725,1.15126,1.15666
2021.11.08,1.15573,1.15942,1.15498,1.15813
2021.11.09,1.15821,1.16081,1.15691,1.15885
2021.11.10,1.15885,1.15946,1.14740,1.14740
2021.11.11,1.14763,1.14870,1.14423,1.14457
2021.11.12,1.14494,1.14614,1.14321,1.14427
2021.11.15,1.14462,1.14633,1.13555,1.13653
2021.11.16,1.13658,1.13850,1.13084,1.13154
2021.11.17,1.13186,1.13311,1.12630,1.13160
2021.11.18,1.13176,1.13735,1.13130,1.13704
2021.11.19,1.13641,1.13719,1.12490,1.12797
2021.11.22,1.12861,1.12896,1.12300,1.12355
2021.11.23,1.12355,1.12742,1.12253,1.12452
2021.11.24,1.12418,1.12543,1.11852,1.11969
2021.11.25,1.11902,1.12288,1.11902,1.12044
2021.11.26,1.12050,1.13288,1.12045,1.13158
2021.11.29,1.12995,1.13145,1.12576,1.12858
2021.11.30,1.12875,1.13820,1.12345,1.13339
2021.12.01,1.13336,1.13588,1.13016,1.13151
2021.12.02,1.13178,1.13468,1.12946,1.12961
2021.12.03,1.12996,1.13322,1.12658,1.13059
2021.12.06,1.13031,1.13100,1.12656,1.12801
2021.12.07,1.12817,1.12976,1.12267,1.12669
2021.12.08,1.12626,1.13540,1.12626,1.13411
2021.12.09,1.13411,1.13450,1.12779,1.12884
2021.12.10,1.12880,1.13233,1.12644,1.13168
2021.12.13,1.13089,1.13185,1.12593,1.12784
2021.12.14,1.12835,1.13231,1.12529,1.12538
2021.12.15,1.12580,1.12985,1.12208,1.12805
2021.12.16,1.12775,1.13595,1.12775,1.13259
2021.12.17,1.13287,1.13481,1.12342,1.12346
2021.12.20,1.12362,1.13029,1.12337,1.12758
2021.12.21,1.12754,1.13019,1.12599,1.12762
2021.12.22,1.12815,1.13414,1.12635,1.13252
2021.12.23,1.13245,1.13412,1.12893,1.13230
2021.12.24,1.13232,1.13426,1.13055,1.13104
2021.12.27,1.13115,1.13333,1.13021,1.13250
2021.12.28,1.13245,1.13323,1.12887,1.13072
2021.12.29,1.13065,1.13680,1.12728,1.13447
2021.12.30,1.13445,1.13590,1.12976,1.13147
2021.12.31,1.13150,1.13776,1.13024,1.13741
2022.01.03,1.13657,1.13776,1.12789,1.12931
2022.01.04,1.12922,1.13215,1.12715,1.12858
2022.01.05,1.12853,1.13454,1.12762,1.13111
2022.01.06,1.13095,1.13310,1.12837,1.12870
2022.01.07,1.12867,1.13639,1.12860,1.13598
2022.01.10,1.13518,1.13599,1.12843,1.13203
2022.01.11,1.13197,1.13740,1.13120,1.13622
2022.01.12,1.13616,1.14519,1.13538,1.14406
2022.01.13,1.14413,1.14808,1.14347,1.14538
2022.01.14,1.14530,1.14820,1.13977,1.14141
2022.01.17,1.14103,1.14336,1.13910,1.14037
2022.01.18,1.14040,1.14205,1.13138,1.13176
2022.01.19,1.13167,1.13562,1.13140,1.13416
2022.01.20,1.13408,1.13682,1.13022,1.13091
2022.01.21,1.13087,1.13590,1.13001,1.13428
2022.01.24,1.13400,1.13442,1.12896,1.13221
2022.01.25,1.13211,1.13275,1.12623,1.12994
2022.01.26,1.12983,1.13098,1.12344,1.12402
2022.01.27,1.12403,1.12425,1.11309,1.11403
2022.01.28,1.11411,1.11727,1.11206,1.11477
2022.01.31,1.11409,1.12469,1.11373,1.12323
2022.02.01,1.12305,1.12779,1.12202,1.12698
2022.02.02,1.12695,1.13294,1.12658,1.13015
2022.02.03,1.13014,1.14505,1.12666,1.14377
2022.02.04,1.14350,1.14829,1.14108,1.14504
2022.02.07,1.14633,1.14645,1.14142,1.14415
2022.02.08,1.14409,1.14479,1.13955,1.14125
2022.02.09,1.14123,1.14469,1.14018,1.14205
2022.02.10,1.14201,1.14940,1.13740,1.14269
2022.02.11,1.14260,1.14293,1.13290,1.13446
2022.02.14,1.13373,1.13683,1.12792,1.13048
2022.02.15,1.13046,1.13675,1.12939,1.13578
2022.02.16,1.13578,1.13950,1.13442,1.13715
2022.02.17,1.13715,1.13851,1.13223,1.13588
2022.02.18,1.13594,1.13761,1.13133,1.13207
2022.02.21,1.13141,1.13894,1.13058,1.13112
2022.02.22,1.13102,1.13660,1.12870,1.13225
2022.02.23,1.13271,1.13581,1.13003,1.13013
2022.02.24,1.13012,1.13079,1.11054,1.11894
2022.02.25,1.11896,1.12732,1.11651,1.12696
2022.02.28,1.11248,1.12455,1.11242,1.12174
2022.03.01,1.12174,1.12322,1.10887,1.11213
2022.03.02,1.11194,1.11427,1.10565,1.11171
2022.03.03,1.11158,1.11207,1.10327,1.10655
2022.03.04,1.10652,1.10670,1.08847,1.09325
2022.03.07,1.09199,1.09313,1.08052,1.08514
2022.03.08,1.08505,1.09574,1.08475,1.08980
2022.03.09,1.08957,1.10944,1.08889,1.10734
2022.03.10,1.10727,1.11202,1.09753,1.09809
2022.03.11,1.09808,1.10425,1.09011,1.09110
2022.03.13,1.09201,1.09242,1.09141,1.09165
2022.03.14,1.09136,1.09930,1.08996,1.09418
2022.03.15,1.09418,1.10190,1.09252,1.09480
2022.03.16,1.09491,1.10459,1.09491,1.10302
2022.03.17,1.10298,1.11366,1.10068,1.10892
2022.03.18,1.10893,1.11178,1.10021,1.10496
2022.03.20,1.10562,1.10582,1.10462,1.10503
2022.03.21,1.10499,1.10693,1.10092,1.10176
2022.03.22,1.10175,1.10450,1.09602,1.10275
2022.03.23,1.10280,1.10430,1.09633,1.10057
2022.03.24,1.10059,1.10130,1.09651,1.09956
2022.03.25,1.09959,1.10370,1.09801,1.09826
2022.03.28,1.09829,1.09987,1.09440,1.09745
2022.03.29,1.09732,1.11362,1.09680,1.10851
2022.03.30,1.10847,1.11703,1.10758,1.11577
2022.03.31,1.11572,1.11842,1.10601,1.10657
2022.04.01,1.10657,1.10753,1.10272,1.10482
2022.04.04,1.10309,1.10536,1.09596,1.09685
2022.04.05,1.09684,1.09878,1.08992,1.09032
2022.04.06,1.09032,1.09373,1.08736,1.08903
2022.04.07,1.08897,1.09376,1.08641,1.08771
2022.04.08,1.08764,1.08910,1.08356,1.08747
2022.04.11,1.09191,1.09325,1.08720,1.08831
2022.04.12,1.08831,1.09031,1.08204,1.08257
2022.04.13,1.08257,1.08922,1.08081,1.08795
2022.04.14,1.08771,1.09225,1.07566,1.08251
2022.04.15,1.08271,1.08292,1.07945,1.08102
2022.04.18,1.08029,1.08208,1.07691,1.07812
2022.04.19,1.07812,1.08135,1.07603,1.07860
2022.04.20,1.07861,1.08660,1.07800,1.08459
2022.04.21,1.08453,1.09354,1.08228,1.08333
2022.04.22,1.08348,1.08508,1.07697,1.07947
2022.04.25,1.08039,1.08133,1.06960,1.07112
2022.04.26,1.07109,1.07378,1.06350,1.06365
2022.04.27,1.06362,1.06539,1.05137,1.05523
2022.04.28,1.05515,1.05628,1.04703,1.04976
2022.04.29,1.04975,1.05920,1.04903,1.05404
2022.05.02,1.05475,1.05676,1.04895,1.04970
2022.05.03,1.04984,1.05769,1.04914,1.05184
2022.05.04,1.05178,1.06302,1.05054,1.06167
2022.05.05,1.06167,1.06410,1.04917,1.05388
2022.05.06,1.05388,1.05979,1.04818,1.05435
2022.05.09,1.05351,1.05917,1.04944,1.05558
2022.05.10,1.05555,1.05847,1.05246,1.05246
2022.05.11,1.05241,1.05761,1.05008,1.05105
2022.05.12,1.05096,1.05284,1.03531,1.03783
2022.05.13,1.03783,1.04187,1.03487,1.04063
2022.05.16,1.04013,1.04422,1.03883,1.04313
2022.05.17,1.04312,1.05547,1.04276,1.05461
2022.05.18,1.05455,1.05630,1.04591,1.04622
2022.05.19,1.04619,1.06063,1.04592,1.05815
2022.05.20,1.05816,1.05984,1.05319,1.05498
2022.05.23,1.05620,1.06966,1.05497,1.06885
2022.05.24,1.06877,1.07477,1.06602,1.07308
2022.05.25,1.07308,1.07382,1.06415,1.06752
2022.05.26,1.06759,1.07308,1.06616,1.07180
2022.05.27,1.07174,1.07642,1.06962,1.07319
2022.05.30,1.07328,1.07861,1.07243,1.07751
2022.05.31,1.07751,1.07785,1.06781,1.07304
2022.06.01,1.07304,1.07384,1.06262,1.06444
2022.06.02,1.06443,1.07494,1.06406,1.07446
2022.06.03,1.07436,1.07632,1.07033,1.07177
2022.06.06,1.07176,1.07511,1.06830,1.06951
2022.06.07,1.06947,1.07136,1.06512,1.06972
2022.06.08,1.06963,1.07478,1.06705,1.07152
2022.06.09,1.07152,1.07731,1.06103,1.06139
2022.06.10,1.06136,1.06413,1.05051,1.05121
2022.06.13,1.05131,1.05194,1.03988,1.04053
2022.06.14,1.04053,1.04841,1.03962,1.04139
2022.06.15,1.04127,1.05071,1.03582,1.04398
2022.06.16,1.04366,1.06006,1.03801,1.05447
2022.06.17,1.05431,1.05592,1.04435,1.04901
2022.06.20,1.04739,1.05450,1.04738,1.05070
2022.06.21,1.05070,1.05817,1.05031,1.05229
2022.06.22,1.05223,1.06048,1.04680,1.05630
2022.06.23,1.05634,1.05802,1.04818,1.05179
2022.06.24,1.05175,1.05703,1.05114,1.05530
2022.06.27,1.05453,1.06141,1.05453,1.05814
2022.06.28,1.05805,1.06051,1.05025,1.05159
2022.06.29,1.05150,1.05348,1.04341,1.04380
2022.06.30,1.04384,1.04878,1.03818,1.04788
2022.07.01,1.04750,1.04839,1.03649,1.04247
2022.07.04,1.04123,1.04621,1.04123,1.04145
2022.07.05,1.04144,1.04479,1.02344,1.02606
2022.07.06,1.02651,1.02756,1.01607,1.01812
2022.07.07,1.01778,1.02203,1.01434,1.01542
2022.07.08,1.01551,1.01903,1.00712,1.01833
2022.07.11,1.01736,1.01826,1.00329,1.00348
2022.07.12,1.00344,1.00729,0.99990,1.00304
2022.07.13,1.00333,1.01214,0.99972,1.00537
2022.07.14,1.00559,1.00583,0.99514,1.00122
2022.07.15,1.00117,1.00974,1.00060,1.00855
2022.07.18,1.00810,1.02004,1.00778,1.01462
2022.07.19,1.01388,1.02683,1.01188,1.02208
2022.07.20,1.02220,1.02723,1.01546,1.01733
2022.07.21,1.01730,1.02770,1.01527,1.02279
2022.07.22,1.02270,1.02546,1.01293,1.02140
2022.07.25,1.02082,1.02566,1.01778,1.02176
2022.07.26,1.02142,1.02495,1.01069,1.01127
2022.07.27,1.01135,1.02200,1.00959,1.01983
2022.07.28,1.02015,1.02336,1.01132,1.01917
2022.07.29,1.01952,1.02535,1.01453,1.02244
2022.08.01,1.02115,1.02744,1.02048,1.02540
2022.08.02,1.02592,1.02930,1.01616,1.01616
2022.08.03,1.01638,1.02094,1.01220,1.01634
2022.08.04,1.01565,1.02528,1.01535,1.02434
2022.08.05,1.02434,1.02513,1.01407,1.01787
2022.08.08,1.01731,1.02211,1.01584,1.01931
2022.08.09,1.01930,1.02466,1.01878,1.02118
2022.08.10,1.02123,1.03679,1.02013,1.02980
2022.08.11,1.02980,1.03636,1.02745,1.03156
2022.08.12,1.03153,1.03266,1.02372,1.02557
2022.08.15,1.02541,1.02676,1.01538,1.01583
2022.08.16,1.01580,1.01940,1.01218,1.01698
2022.08.17,1.01690,1.02021,1.01447,1.01777
2022.08.18,1.01775,1.01921,1.00787,1.00841
2022.08.19,1.00834,1.00946,1.00311,1.00389
2022.08.22,1.00292,1.00457,0.99252,0.99407
2022.08.23,0.99391,1.00168,0.98996,0.99674
2022.08.24,0.99656,0.99983,0.99091,0.99622
2022.08.25,0.99597,1.00325,0.99482,0.99731
2022.08.26,0.99731,1.00890,0.99458,0.99612
2022.08.29,0.99650,1.00284,0.99132,0.99932
2022.08.30,0.99898,1.00538,0.99812,1.00122
2022.08.31,1.00118,1.00783,0.99704,1.00511
2022.09.01,1.00506,1.00535,0.99099,0.99417
2022.09.02,0.99406,1.00329,0.99401,0.99542
2022.09.05,0.99208,0.99434,0.98772,0.99240
2022.09.06,0.99210,0.99855,0.98632,0.99015
2022.09.07,0.99003,1.00101,0.98748,0.99985
2022.09.08,0.99935,1.00283,0.99297,0.99971
2022.09.09,0.99903,1.01125,0.99903,1.00443
2022.09.12,1.01036,1.01970,1.00588,1.01189
2022.09.13,1.01193,1.01864,0.99632,0.99632
2022.09.14,0.99658,1.00228,0.99548,0.99784
2022.09.15,0.99727,1.00171,0.99550,0.99948
2022.09.16,0.99930,1.00358,0.99441,1.00126
2022.09.19,1.00073,1.00283,0.99651,1.00226
2022.09.20,1.00173,1.00498,0.99544,0.99676
2022.09.21,0.99679,0.99751,0.98115,0.98361
2022.09.22,0.98348,0.99066,0.98064,0.98334
2022.09.23,0.98299,0.98511,0.96673,0.96898
2022.09.26,0.96654,0.97091,0.95470,0.96073
2022.09.27,0.96071,0.96701,0.95682,0.95916
2022.09.28,0.95908,0.97501,0.95351,0.97301
2022.09.29,0.97293,0.98147,0.96348,0.98136
2022.09.30,0.98143,0.98531,0.97338,0.97994
2022.10.03,0.97778,0.98438,0.97520,0.98239
2022.10.04,0.98244,0.99988,0.98052,0.99800
2022.10.05,0.99836,0.99940,0.98339,0.98692
2022.10.06,0.98712,0.99257,0.97869,0.97869
2022.10.07,0.97876,0.98159,0.97252,0.97397
2022.10.10,0.97308,0.97527,0.96809,0.97020
2022.10.11,0.96930,0.97738,0.96710,0.97019
2022.10.12,0.97028,0.97337,0.96671,0.97007
2022.10.13,0.97003,0.98051,0.96312,0.97749
2022.10.14,0.97708,0.98079,0.97064,0.97188
2022.10.17,0.97206,0.98514,0.97170,0.98348
2022.10.18,0.98322,0.98749,0.98117,0.98480
2022.10.19,0.98486,0.98714,0.97566,0.97700
2022.10.20,0.97711,0.98447,0.97537,0.97802
2022.10.21,0.97803,0.98683,0.97040,0.98586
2022.10.24,0.98724,0.98981,0.98060,0.98709
2022.10.25,0.98721,0.99760,0.98478,0.99602
2022.10.26,0.99615,1.00878,0.99426,1.00766
2022.10.27,1.00736,1.00928,0.99569,0.99611
2022.10.28,0.99626,0.99973,0.99256,0.99647
2022.10.30,0.99454,0.99586,0.99445,0.99550
2022.10.31,0.99515,0.99649,0.98721,0.98811
2022.11.01,0.98808,0.99533,0.98520,0.98739
2022.11.02,0.98755,0.99752,0.98121,0.98141
2022.11.03,0.98141,0.98386,0.97292,0.97469
2022.11.04,0.97461,0.99657,0.97415,0.99570
2022.11.07,0.99041,1.00335,0.98995,1.00201
2022.11.08,1.00163,1.00956,0.99707,1.00709
2022.11.09,1.00707,1.00874,0.99920,1.00113
2022.11.10,1.00053,1.02210,0.99347,1.02077
2022.11.11,1.02060,1.03633,1.01623,1.03519
2022.11.14,1.03343,1.03578,1.02705,1.03203
2022.11.15,1.03250,1.04808,1.02792,1.03419
2022.11.16,1.03470,1.04378,1.03299,1.03918
2022.11.17,1.03923,1.04057,1.03044,1.03612
2022.11.18,1.03568,1.03951,1.03126,1.03215
2022.11.21,1.03211,1.03324,1.02220,1.02387
2022.11.22,1.02386,1.03073,1.02372,1.02977
2022.11.23,1.02990,1.04042,1.02957,1.03920
2022.11.24,1.03944,1.04477,1.03809,1.04068
2022.11.25,1.04025,1.04284,1.03538,1.03897
2022.11.28,1.03694,1.04957,1.03294,1.03336
2022.11.29,1.03360,1.03935,1.03192,1.03226
2022.11.30,1.03238,1.04279,1.02894,1.03996
2022.12.01,1.04025,1.05335,1.03922,1.05227
2022.12.02,1.05195,1.05442,1.04273,1.05398
2022.12.05,1.05293,1.05941,1.04794,1.04902
2022.12.06,1.04837,1.05321,1.04584,1.04584
2022.12.07,1.04612,1.05488,1.04424,1.05012
2022.12.08,1.05037,1.05641,1.04886,1.05464
2022.12.09,1.05495,1.05873,1.05016,1.05318
2022.12.12,1.05271,1.05793,1.05050,1.05337
2022.12.13,1.05288,1.06725,1.05269,1.06286
2022.12.14,1.06312,1.06943,1.06181,1.06785
2022.12.15,1.06798,1.07354,1.05914,1.06213
2022.12.16,1.06202,1.06624,1.05835,1.05854
2022.12.19,1.05795,1.06571,1.05751,1.06034
2022.12.20,1.06029,1.06580,1.05779,1.06159
2022.12.21,1.06234,1.06445,1.05895,1.05979
2022.12.22,1.06027,1.06587,1.05724,1.05916
2022.12.23,1.05910,1.06320,1.05856,1.06154
2022.12.27,1.06323,1.06684,1.06106,1.06383
2022.12.28,1.06377,1.06737,1.06057,1.06111
2022.12.29,1.06047,1.06897,1.06047,1.06580
2022.12.30,1.06592,1.07123,1.06378,1.07022
2023.01.02,1.06862,1.06990,1.06491,1.06591
2023.01.03,1.06636,1.06823,1.05187,1.05446
2023.01.04,1.05442,1.06345,1.05397,1.06000
2023.01.05,1.06010,1.06306,1.05142,1.05177
2023.01.06,1.05206,1.06473,1.04803,1.06435
2023.01.09,1.06389,1.07598,1.06366,1.07251
2023.01.10,1.07263,1.07586,1.07112,1.07308
2023.01.11,1.07318,1.07756,1.07246,1.07516
2023.01.12,1.07533,1.08661,1.07173,1.08455
2023.01.13,1.08412,1.08671,1.07795,1.08308
2023.01.16,1.08280,1.08733,1.08006,1.08144
2023.01.17,1.08193,1.08685,1.07737,1.07827
2023.01.18,1.07874,1.08866,1.07651,1.07917
2023.01.19,1.07887,1.08391,1.07815,1.08273
2023.01.20,1.08261,1.08583,1.08014,1.08544
2023.01.23,1.08671,1.09196,1.08454,1.08709
2023.01.24,1.08702,1.08970,1.08343,1.08857
2023.01.25,1.08854,1.09228,1.08563,1.09126
2023.01.26,1.09147,1.09287,1.08496,1.08911
2023.01.27,1.08904,1.08993,1.08370,1.08667
2023.01.30,1.08638,1.09129,1.08384,1.08483
2023.01.31,1.08472,1.08741,1.08011,1.08596
2023.02.01,1.08587,1.10000,1.08513,1.09880
2023.02.02,1.09877,1.10322,1.08845,1.09078
2023.02.03,1.09076,1.09393,1.07916,1.07926
2023.02.06,1.07811,1.07980,1.07087,1.07216
2023.02.07,1.07246,1.07658,1.06683,1.07211
2023.02.08,1.07223,1.07599,1.07086,1.07105
2023.02.09,1.07087,1.07900,1.07078,1.07360
2023.02.10,1.07297,1.07519,1.06654,1.06763
2023.02.13,1.06793,1.07291,1.06547,1.07184
2023.02.14,1.07178,1.08036,1.07059,1.07324
2023.02.15,1.07357,1.07437,1.06596,1.06860
2023.02.16,1.06842,1.07215,1.06535,1.06688
2023.02.17,1.06707,1.06976,1.06118,1.06928
2023.02.20,1.06840,1.07037,1.06694,1.06789
2023.02.21,1.06832,1.06973,1.06366,1.06441
2023.02.22,1.06430,1.06632,1.05983,1.06019
2023.02.23,1.06030,1.06269,1.05761,1.05937
2023.02.24,1.05911,1.06135,1.05353,1.05448
2023.02.27,1.05428,1.06189,1.05321,1.06022
2023.02.28,1.06002,1.06444,1.05727,1.05727
2023.03.01,1.05723,1.06907,1.05645,1.06683
2023.03.02,1.06664,1.06719,1.05757,1.05940
2023.03.03,1.05948,1.06378,1.05873,1.06331
2023.03.06,1.06233,1.06935,1.06212,1.06801
2023.03.07,1.06700,1.06935,1.05451,1.05483
2023.03.08,1.05472,1.05730,1.05234,1.05420
2023.03.09,1.05392,1.05903,1.05367,1.05793
2023.03.10,1.05756,1.06998,1.05731,1.06378
2023.03.12,1.06800,1.06946,1.06718,1.06936
2023.03.13,1.06923,1.07477,1.06494,1.07265
2023.03.14,1.07260,1.07487,1.06780,1.07303
2023.03.15,1.07302,1.07589,1.05151,1.05749
2023.03.16,1.05767,1.06346,1.05499,1.06125
2023.03.17,1.06125,1.06844,1.06082,1.06635
2023.03.19,1.06877,1.06879,1.06758,1.06835
2023.03.20,1.06807,1.07301,1.06303,1.07191
2023.03.21,1.07184,1.07877,1.07031,1.07665
2023.03.22,1.07682,1.09114,1.07581,1.08573
2023.03.23,1.08577,1.09288,1.08232,1.08319
2023.03.24,1.08322,1.08377,1.07123,1.07579
2023.03.27,1.07743,1.07992,1.07441,1.07919
2023.03.28,1.07943,1.08478,1.07932,1.08440
2023.03.29,1.08407,1.08706,1.08170,1.08427
2023.03.30,1.08414,1.09255,1.08227,1.09041
2023.03.31,1.09037,1.09248,1.08359,1.08404
2023.04.03,1.08391,1.09157,1.07874,1.08990
2023.04.04,1.08902,1.09725,1.08819,1.09478
2023.04.05,1.09465,1.09686,1.08902,1.09059
2023.04.06,1.08984,1.09369,1.08836,1.09194
2023.04.07,1.09185,1.09231,1.08755,1.09016
2023.04.10,1.09002,1.09165,1.08305,1.08585
2023.04.11,1.08583,1.09272,1.08575,1.09120
2023.04.12,1.09103,1.09996,1.09057,1.09881
2023.04.13,1.09890,1.10668,1.09759,1.10452
2023.04.14,1.10442,1.10749,1.09714,1.09927
2023.04.17,1.09881,1.09988,1.09082,1.09261
2023.04.18,1.09186,1.09821,1.09182,1.09706
2023.04.19,1.09699,1.09831,1.09164,1.09546
2023.04.20,1.09520,1.09887,1.09327,1.09686
2023.04.21,1.09619,1.09929,1.09371,1.09878
2023.04.24,1.09888,1.10493,1.09650,1.10431
2023.04.25,1.10410,1.10661,1.09633,1.09710
2023.04.26,1.09694,1.10946,1.09644,1.10391
2023.04.27,1.10349,1.10626,1.09913,1.10267
2023.04.28,1.10188,1.10441,1.09617,1.10155
2023.05.01,1.10240,1.10348,1.09635,1.09731
2023.05.02,1.09662,1.10071,1.09413,1.09964
2023.05.03,1.09957,1.10904,1.09954,1.10561
2023.05.04,1.10538,1.10909,1.09854,1.10054
2023.05.05,1.10088,1.10469,1.09658,1.10175
2023.05.08,1.10232,1.10528,1.09993,1.10023
2023.05.09,1.09992,1.10042,1.09404,1.09586
2023.05.10,1.09592,1.10061,1.09407,1.09810
2023.05.11,1.09784,1.09971,1.08993,1.09135
2023.05.12,1.09137,1.09347,1.08470,1.08486
2023.05.15,1.08608,1.08900,1.08446,1.08722
2023.05.16,1.08717,1.09038,1.08541,1.08620
2023.05.17,1.08577,1.08726,1.08094,1.08353
2023.05.18,1.08373,1.08471,1.07616,1.07686
2023.05.19,1.07665,1.08280,1.07590,1.08045
2023.05.22,1.08038,1.08304,1.07947,1.08112
2023.05.23,1.08059,1.08196,1.07594,1.07686
2023.05.24,1.07647,1.08005,1.07474,1.07484
2023.05.25,1.07489,1.07557,1.07065,1.07240
2023.05.26,1.07160,1.07579,1.07009,1.07269
